h2,h2-title,p
10 Crochet Flowers,10 Crochet Flowers,Open Road Media
100 Go Mistakes and How to Avoid Them,100 Go Mistakes and How to Avoid Them,Manning Publications
100 Little Knitted Gifts to Make,100 Little Knitted Gifts to Make,Open Road Media
100+ No-Sew Fabric Crafts For Kids,100+ No-Sew Fabric Crafts For Kids,Open Road Media
100 Ways To Boost Self-confidence,100 Ways To Boost Self-confidence,Career Press
100 Ways to Motivate Yourself,100 Ways to Motivate Yourself,Career Press
100 Ways To Overcome Shyness,100 Ways To Overcome Shyness,Career Press
"1,000 Incredible Costume and Cosplay Ideas","1,000 Incredible Costume and Cosplay Ideas",The Quarto Group
1001 Ways To Engage Employees,1001 Ways To Engage Employees,Career Press
101 Magic Tricks: Any Time. Any Place,101 Magic Tricks: Any Time. Any Place,The Quarto Group
101 Organic Gardening Hacks: Eco-friendly Solutions to Improve Any Garden,101 Organic Gardening Hacks: Eco-friendly Solutions to Improve Any Garden,The Quarto Group
12 Bones Smokehouse,12 Bones Smokehouse,The Quarto Group
12-Minute Athlete,12-Minute Athlete,Simon & Schuster
15 Math Concepts Every Data Scientist Should Know,15 Math Concepts Every Data Scientist Should Know,Packt
The 150 Healthiest Comfort Foods on Earth,The 150 Healthiest Comfort Foods on Earth,The Quarto Group
15-Minute HIIT for Women,15-Minute HIIT for Women,Callisto Publishing
"200 Crochet Flowers, Embellishments & Trims","200 Crochet Flowers, Embellishments & Trims",Open Road Media
200+ Ways to Protect Your Privacy,200+ Ways to Protect Your Privacy,Simon & Schuster
25 Essentials: Techniques for Gas Grilling,25 Essentials: Techniques for Gas Grilling,The Quarto Group
25 Essentials: Techniques for Grilling Fish,25 Essentials: Techniques for Grilling Fish,The Quarto Group
25 Essentials: Techniques for Planking,25 Essentials: Techniques for Planking,The Quarto Group
25 Essentials: Techniques for Smoking,25 Essentials: Techniques for Smoking,The Quarto Group
25 Essentials: Techniques for Wood-Fired Ovens,25 Essentials: Techniques for Wood-Fired Ovens,The Quarto Group
30-Minute Italian Cookbook,30-Minute Italian Cookbook,Callisto Publishing
30-Minute Meals For Dummies,30-Minute Meals For Dummies,Wiley
30-Minute Weight Loss Cookbook,30-Minute Weight Loss Cookbook,Callisto Publishing
365 Ways to Boost Your Metabolism,365 Ways to Boost Your Metabolism,Simon & Schuster
365 Ways to Get a Good Night's Sleep,365 Ways to Get a Good Night's Sleep,Simon & Schuster
365 Ways to Live Cheap,365 Ways to Live Cheap,Simon & Schuster
365 Ways to Live Green,365 Ways to Live Green,Simon & Schuster
365 Ways to Live the Law of Attraction,365 Ways to Live the Law of Attraction,Simon & Schuster
365 Ways to Reduce Stress,365 Ways to Reduce Stress,Simon & Schuster
3D Animal Granny Squares,3D Animal Granny Squares,Open Road Media
3D Character Development Workshop,3D Character Development Workshop,"Walter De Gruyter, Inc."
3D Origami Fun!,3D Origami Fun!,Simon & Schuster
3D Printing,3D Printing,Penguin Random House US
3D Scientific Visualization with Blender,3D Scientific Visualization with Blender,Morgan & Claypool Publishers
40 Algorithms Every Programmer Should Know,40 Algorithms Every Programmer Should Know,Packt
The 4-Week Gut Health Plan,The 4-Week Gut Health Plan,Callisto Publishing
The 4-Week Insomnia Workbook,The 4-Week Insomnia Workbook,Callisto Publishing
5 Ingredient Semi-Homemade Meals: 50+ Easy Recipes with Expert Shopping Tips,5 Ingredient Semi-Homemade Meals: 50+ Easy Recipes with Expert Shopping Tips,Mango Media
52 Small Changes for the Mind,52 Small Changes for the Mind,Chronicle Books
"52 Weeks, 52 Sweets: Elegant Recipes for All Occasions","52 Weeks, 52 Sweets: Elegant Recipes for All Occasions",Mango Media
5G Mobile Networks: A Systems Approach,5G Mobile Networks: A Systems Approach,Morgan & Claypool Publishers
5-Minute Stress Relief,5-Minute Stress Relief,Callisto Publishing
7 Secrets Of Persuasion,7 Secrets Of Persuasion,Career Press
79 Short Essays on Design,79 Short Essays on Design,Chronicle Books
97 Things Every Java Programmer Should Know,97 Things Every Java Programmer Should Know,O'Reilly
97 Things Every Programmer Should Know,97 Things Every Programmer Should Know,O'Reilly
A Bloody Business,A Bloody Business,Titan Publishing Group
"A Common-Sense Guide to Data Structures and Algorithms, Second Edition","A Common-Sense Guide to Data Structures and Algorithms, Second Edition",Pragmatic Programmers
A Concise Introduction to Multiagent Systems and Distributed Artificial Intelligence,A Concise Introduction to Multiagent Systems and Distributed Artificial Intelligence,Morgan & Claypool Publishers
A Cookie to Celebrate: Recipes and Decorating Tips for Everyday Baking and Holidays,A Cookie to Celebrate: Recipes and Decorating Tips for Everyday Baking and Holidays,Mango Media
"A Designer's Research Manual, 2nd edition, Updated and Expanded","A Designer's Research Manual, 2nd edition, Updated and Expanded",The Quarto Group
A Developer's Guide to .NET in Azure,A Developer's Guide to .NET in Azure,Packt
A Grandfather's Lessons,A Grandfather's Lessons,Open Road Media
A Lateral View: Essays on Culture and Style in Contemporary Japan,A Lateral View: Essays on Culture and Style in Contemporary Japan,Stone Bridge Press
A Lifetime of Puzzles,A Lifetime of Puzzles,Taylor & Francis Group
A Play of Bodies,A Play of Bodies,MIT Press
A Practical Approach for Machine Learning and Deep Learning Algorithms,A Practical Approach for Machine Learning and Deep Learning Algorithms,Richdale Ventures
A Practical Guide to Complex PTSD,A Practical Guide to Complex PTSD,Callisto Publishing
A Robot’s Guide To: Bondo,A Robot’s Guide To: Bondo,"SoloRoboto Industries, LLC"
A Robot's Guide To: Sanding,A Robot's Guide To: Sanding,"SoloRoboto Industries, LLC"
A Seeker's Guide to the Yoga Sutras,A Seeker's Guide to the Yoga Sutras,Callisto Publishing
A Shameful Life: (Ningen Shikkaku),A Shameful Life: (Ningen Shikkaku),Stone Bridge Press
A Table: Recipes for Cooking and Eating the French Way,A Table: Recipes for Cooking and Eating the French Way,Chronicle Books
A Thyme and Place: Medieval Feasts and Recipes for the Modern Table,A Thyme and Place: Medieval Feasts and Recipes for the Modern Table,Skyhorse Publishing
A Tight Squeeze: Smutty Trans and Queer Stories (Queering Consent),A Tight Squeeze: Smutty Trans and Queer Stories (Queering Consent),Microcosm
A Tour of the Subatomic Zoo: A Guide to Particle Physics,A Tour of the Subatomic Zoo: A Guide to Particle Physics,Morgan & Claypool Publishers
About Face: The Essentials of Interaction Design,About Face: The Essentials of Interaction Design,Wiley
THE ABSOLUTE BEGINNER'S GUIDE TO HTML AND CSS,THE ABSOLUTE BEGINNER'S GUIDE TO HTML AND CSS,Springer
Absolute FreeBSD,Absolute FreeBSD,No Starch Press
Absolute OpenBSD,Absolute OpenBSD,No Starch Press
Accelerate Deep Learning Workloads with Amazon SageMaker,Accelerate Deep Learning Workloads with Amazon SageMaker,Packt
Acceptance and Commitment Therapy for Anxiety Relief,Acceptance and Commitment Therapy for Anxiety Relief,Callisto Publishing
Accounting 101,Accounting 101,Simon & Schuster
Achievement Relocked,Achievement Relocked,MIT Press
The Active Defender: Immersion in the Offensive Security Mindset,The Active Defender: Immersion in the Offensive Security Mindset,Wiley
Active Learning,Active Learning,Morgan & Claypool Publishers
ADHD & Us,ADHD & Us,Callisto Publishing
Adopting Elixir,Adopting Elixir,Pragmatic Programmers
Advanced Algorithms and Data Structures,Advanced Algorithms and Data Structures,Manning Publications
Advanced ASP.NET Core 3 Security,Advanced ASP.NET Core 3 Security,Springer
Advanced Cosplay Painting: Airbrush and Weathering,Advanced Cosplay Painting: Airbrush and Weathering,Kamui Cosplay
Advanced Natural Language Processing with TensorFlow 2,Advanced Natural Language Processing with TensorFlow 2,Packt
Advanced Python Programming,Advanced Python Programming,Packt
Advanced Roblox Coding Book: An Unofficial Guide,Advanced Roblox Coding Book: An Unofficial Guide,Simon & Schuster
Adventures in Raspberry Pi,Adventures in Raspberry Pi,Wiley
Adversarial Machine Learning,Adversarial Machine Learning,Morgan & Claypool Publishers
Adversarial Tradecraft in Cybersecurity,Adversarial Tradecraft in Cybersecurity,Packt
After the War: Women in Physics in the United States,After the War: Women in Physics in the United States,Morgan & Claypool Publishers
Age Beautifully Cookbook,Age Beautifully Cookbook,Skyhorse Publishing
The Age of Overwhelm: Strategies for the Long Haul,The Age of Overwhelm: Strategies for the Long Haul,Berrett Koehler
AI & Machine Learning for Coders,AI & Machine Learning for Coders,O'Reilly
AI and ML Powering the Agents of Automation,AI and ML Powering the Agents of Automation,Richdale Ventures
AI Basics,AI Basics,"Walter De Gruyter, Inc."
The AI Dilemma,The AI Dilemma,Richdale Ventures
"AI, Machine Learning, Deep Learning","AI, Machine Learning, Deep Learning","Walter De Gruyter, Inc."
The AI Revolution in Medicine,The AI Revolution in Medicine,Pearson
"The AI Revolution in Networking, Security, and Emerging Technologies","The AI Revolution in Networking, Security, and Emerging Technologies",Pearson
The AI Revolution in Project Management,The AI Revolution in Project Management,Pearson
Air Frying with Instant Pot,Air Frying with Instant Pot,Insight Editions
Algebra Essentials,Algebra Essentials,"Walter De Gruyter, Inc."
Algorithmic Short Selling with Python,Algorithmic Short Selling with Python,Packt
Algorithmic Thinking: A Problem-Based Introduction,Algorithmic Thinking: A Problem-Based Introduction,No Starch Press
Algorithms and Data Structures for Massive Datasets,Algorithms and Data Structures for Massive Datasets,Manning Publications
Algorithms for Reinforcement Learning,Algorithms for Reinforcement Learning,Morgan & Claypool Publishers
"Algorithms in a Nutshell, 2nd Edition","Algorithms in a Nutshell, 2nd Edition",O'Reilly
"Algorithms of the Intelligent Web, 2E","Algorithms of the Intelligent Web, 2E",Manning Publications
Alice and Bob Learn Application Security,Alice and Bob Learn Application Security,Wiley
All About the Burger: A History of America’s Favorite Sandwich,All About the Burger: A History of America’s Favorite Sandwich,Mango Media
The All New Illustrated Guide to Everything Sold in Hardware Stores,The All New Illustrated Guide to Everything Sold in Hardware Stores,The Quarto Group
All That Remains,All That Remains,Skyhorse Publishing
All That's Bright and Gone: A Novel,All That's Bright and Gone: A Novel,Penguin Random House US
Alzheimer's Disease,Alzheimer's Disease,"Walter De Gruyter, Inc."
Amazon DynamoDB - The Definitive Guide,Amazon DynamoDB - The Definitive Guide,Packt
American Barbecue Sauces,American Barbecue Sauces,Callisto Publishing
American Government 101,American Government 101,Simon & Schuster
American Lit 101,American Lit 101,Simon & Schuster
American Sfoglino,American Sfoglino,Chronicle Books
amigurumi Christmas,amigurumi Christmas,Open Road Media
amigurumi for Beginners,amigurumi for Beginners,Open Road Media
Amigurumi Style Crochet,Amigurumi Style Crochet,Open Road Media
Amy's Guide to Best Behavior in Japan: Do It Right and Be Polite!,Amy's Guide to Best Behavior in Japan: Do It Right and Be Polite!,Stone Bridge Press
An In-Depth Guide to Mobile Device Forensics,An In-Depth Guide to Mobile Device Forensics,Taylor & Francis Group
An Introduction to C & GUI Programming,An Introduction to C & GUI Programming,Raspberry Pi Press
An Introduction to Electronic Warfare; from the First Jamming to Machine Learning Techniques,An Introduction to Electronic Warfare; from the First Jamming to Machine Learning Techniques,River Publishers
An Introduction to Multivariable Mathematics,An Introduction to Multivariable Mathematics,Morgan & Claypool Publishers
An Introduction to Numerical Methods for the Physical Sciences,An Introduction to Numerical Methods for the Physical Sciences,Morgan & Claypool Publishers
An Introduction to Partial Differential Equations,An Introduction to Partial Differential Equations,Morgan & Claypool Publishers
An Introduction to Proofs with Set Theory,An Introduction to Proofs with Set Theory,Morgan & Claypool Publishers
Analog,Analog,Penguin Random House US
"Analytical Performance Modeling for Computer Systems, Third Edition","Analytical Performance Modeling for Computer Systems, Third Edition",Morgan & Claypool Publishers
Analytical Techniques for Solving Nonlinear Partial Differential Equations,Analytical Techniques for Solving Nonlinear Partial Differential Equations,Morgan & Claypool Publishers
Analytics Stories: Using Data to Make Good Things Happen,Analytics Stories: Using Data to Make Good Things Happen,Wiley
Analyzing Health Data in R for SAS Users,Analyzing Health Data in R for SAS Users,Taylor & Francis Group
Anatomy 101,Anatomy 101,Simon & Schuster
Android 9 Development Cookbook,Android 9 Development Cookbook,Packt
Android Design Patterns: Interaction Design Solutions for Developers,Android Design Patterns: Interaction Design Solutions for Developers,Wiley
"Android Programming for Beginners, 2nd Edition","Android Programming for Beginners, 2nd Edition",Packt
Android Programming with Kotlin for Beginners,Android Programming with Kotlin for Beginners,Packt
Android UI Development with Jetpack Compose,Android UI Development with Jetpack Compose,Packt
Angular and Machine Learning Pocket Primer,Angular and Machine Learning Pocket Primer,"Walter De Gruyter, Inc."
ANGULAR FOR BUSINESS,ANGULAR FOR BUSINESS,Springer
Angular in Action,Angular in Action,Manning Publications
Angular: Up and Running,Angular: Up and Running,O'Reilly
Animal Ears and Tails Pattern Set,Animal Ears and Tails Pattern Set,Kinpatsu Cosplay
Animal Skulls Pattern Collection,Animal Skulls Pattern Collection,Kamui Cosplay
Animation,Animation,Corel Corporation
Anne Perry and the Murder of the Century,Anne Perry and the Murder of the Century,Skyhorse Publishing
Anti-Aging Hacks,Anti-Aging Hacks,Simon & Schuster
Antivirus Bypass Techniques,Antivirus Bypass Techniques,Packt
Anyone Can Create an App,Anyone Can Create an App,Manning Publications
"Anything You Can Do, I Can","Anything You Can Do, I Can",Chronicle Books
Apothecary Cocktails,Apothecary Cocktails,The Quarto Group
Applications of Machine Learning in Big-Data Analytics and Cloud Computing,Applications of Machine Learning in Big-Data Analytics and Cloud Computing,River Publishers
Applied Computational Thinking with Python 2nd Edition,Applied Computational Thinking with Python 2nd Edition,Packt
"Applied Cryptography: Protocols, Algorithms and Source Code in C, 20th Anniversary Edition","Applied Cryptography: Protocols, Algorithms and Source Code in C, 20th Anniversary Edition",Wiley
Applied Deep Learning and Computer Vision for Self-Driving Cars,Applied Deep Learning and Computer Vision for Self-Driving Cars,Packt
Applied Geospatial Data Science with Python,Applied Geospatial Data Science with Python,Packt
Applied Linear Algebra and Optimization Using MATLAB,Applied Linear Algebra and Optimization Using MATLAB,"Walter De Gruyter, Inc."
Applied Machine Learning and High-Performance Computing on AWS,Applied Machine Learning and High-Performance Computing on AWS,Packt
Applied Machine Learning for Healthcare and Life Sciences Using AWS,Applied Machine Learning for Healthcare and Life Sciences Using AWS,Packt
Applied Machine Solutions with Python,Applied Machine Solutions with Python,Richdale Ventures
The Applied SQL Data Analytics Workshop,The Applied SQL Data Analytics Workshop,Packt
Applying Color Theory to Digital Media and Visualization,Applying Color Theory to Digital Media and Visualization,Taylor & Francis Group
Applying Math with Python,Applying Math with Python,Packt
Apprenticeship Patterns,Apprenticeship Patterns,O'Reilly
Architecting AWS with Terraform,Architecting AWS with Terraform,Packt
Architecting Modern Java EE Applications,Architecting Modern Java EE Applications,Packt
Architecture 101,Architecture 101,Simon & Schuster
"Arduino Cookbook, 3rd Edition","Arduino Cookbook, 3rd Edition",O'Reilly
Arduino For Dummies,Arduino For Dummies,Wiley
Arduino in Action,Arduino in Action,Manning Publications
Arduino Projects For Dummies,Arduino Projects For Dummies,Wiley
Arduino Sketches: Tools and Techniques for Programming Wizardry,Arduino Sketches: Tools and Techniques for Programming Wizardry,Wiley
Arm Armor Pattern Collection,Arm Armor Pattern Collection,Kamui Cosplay
Around the World in 17 Recipes,Around the World in 17 Recipes,International Markets Consulting
Art 101,Art 101,Simon & Schuster
The Art of Assembly Language 2nd Edition,The Art of Assembly Language 2nd Edition,No Starch Press
The Art of Attack: Attacker Mindset for Security Professionals,The Art of Attack: Attacker Mindset for Security Professionals,Wiley
The Art of Captivating Conversation,The Art of Captivating Conversation,Skyhorse Publishing
The Art of Caring Leadership,The Art of Caring Leadership,Berrett Koehler
The Art of Data-Driven Business,The Art of Data-Driven Business,Packt
The Art of Deception: Controlling the Human Element of Security,The Art of Deception: Controlling the Human Element of Security,Wiley
The Art of Eating,The Art of Eating,Open Road Media
The Art of Extreme Wig Styling,The Art of Extreme Wig Styling,CBC Cosplay (Cowbutt Crunchies Cosplay)
The Art of Failure: An Essay on the Pain of Playing Video Games,The Art of Failure: An Essay on the Pain of Playing Video Games,MIT Press
"The Art of Intrusion: The Real Stories Behind the Exploits of Hackers, Intruders and Deceivers","The Art of Intrusion: The Real Stories Behind the Exploits of Hackers, Intruders and Deceivers",Wiley
Art Of Jin Shin,Art Of Jin Shin,Simon & Schuster
The Art of Looking Up,The Art of Looking Up,The Quarto Group
The Art of Manliness,The Art of Manliness,Simon & Schuster
"The Art of Memory Forensics: Detecting Malware and Threats in Windows, Linux, and Mac Memory","The Art of Memory Forensics: Detecting Malware and Threats in Windows, Linux, and Mac Memory",Wiley
Art of Mindful Birdwatching: Reflections on Freedom & Being,Art of Mindful Birdwatching: Reflections on Freedom & Being,The Quarto Group
Art of Mindful Reading: Embracing the Wisdom of Words,Art of Mindful Reading: Embracing the Wisdom of Words,The Quarto Group
"The Art of Picnics: Seasonal Outdoor Entertainment (Family Style Cookbook, Picnic Ideas, and Outdoor Activities)","The Art of Picnics: Seasonal Outdoor Entertainment (Family Style Cookbook, Picnic Ideas, and Outdoor Activities)",Mango Media
The Art of Preserving,The Art of Preserving,Insight Editions
The Art of R Programming,The Art of R Programming,No Starch Press
The Art of Readable Code,The Art of Readable Code,O'Reilly
The Art Of Setting Stones,The Art Of Setting Stones,Stone Bridge Press
Art of the Slow Cooker,Art of the Slow Cooker,Chronicle Books
"The Art of Unit Testing, Second Edition","The Art of Unit Testing, Second Edition",Manning Publications
The Art of Writing Efficient Programs,The Art of Writing Efficient Programs,Packt
Artificial Intelligence • Machine Learning• Deep Learning,Artificial Intelligence • Machine Learning• Deep Learning,"Walter De Gruyter, Inc."
Artificial Intelligence - Reshaping Life and Business,Artificial Intelligence - Reshaping Life and Business,Richdale Ventures
Artificial Intelligence and Deep Learning for Decision Makers,Artificial Intelligence and Deep Learning for Decision Makers,Richdale Ventures
Artificial Intelligence and Expert Systems,Artificial Intelligence and Expert Systems,"Walter De Gruyter, Inc."
Artificial Intelligence and Problem Solving,Artificial Intelligence and Problem Solving,"Walter De Gruyter, Inc."
Artificial Intelligence Ethics and International Law,Artificial Intelligence Ethics and International Law,Richdale Ventures
Artificial Intelligence for All,Artificial Intelligence for All,Richdale Ventures
"Artificial Intelligence for Business, 2/e","Artificial Intelligence for Business, 2/e",Pearson
Artificial Intelligence for Cybersecurity,Artificial Intelligence for Cybersecurity,Packt
Artificial Intelligence for Digitising Industry,Artificial Intelligence for Digitising Industry,River Publishers
Artificial Intelligence for Managers,Artificial Intelligence for Managers,Richdale Ventures
Artificial Intelligence in Wireless Robotics,Artificial Intelligence in Wireless Robotics,River Publishers
Artificial Intelligence Meets Augmented Reality,Artificial Intelligence Meets Augmented Reality,Richdale Ventures
Artificial Intelligence with Power BI,Artificial Intelligence with Power BI,Packt
Artificial Intelligence with Python,Artificial Intelligence with Python,Packt
Artistic Places,Artistic Places,The Quarto Group
Asian Pickles at Home,Asian Pickles at Home,Callisto Publishing
Ask Outrageously!: The Secret to Getting What You Really Want,Ask Outrageously!: The Secret to Getting What You Really Want,Berrett Koehler
Aspergers and Adulthood,Aspergers and Adulthood,Callisto Publishing
ASP.NET Core 5 and React,ASP.NET Core 5 and React,Packt
ASP.NET Web Forms Development,ASP.NET Web Forms Development,Springer
"The Astro Boy Essays: Osamu Tezuka, Mighty Atom, and the Manga/Anime Revolution","The Astro Boy Essays: Osamu Tezuka, Mighty Atom, and the Manga/Anime Revolution",Stone Bridge Press
Astrology 101,Astrology 101,Simon & Schuster
Astronomy 101,Astronomy 101,Simon & Schuster
Atari Age: The Emergence of Video Games in America,Atari Age: The Emergence of Video Games in America,MIT Press
Atari to Zelda,Atari to Zelda,Penguin Random House US
Atlas of Forgotten Places,Atlas of Forgotten Places,The Quarto Group
Atlas of Improbable Places,Atlas of Improbable Places,The Quarto Group
Atlas of the Unexpected,Atlas of the Unexpected,The Quarto Group
Atlas of Untamed Places,Atlas of Untamed Places,The Quarto Group
Atlas of Vanishing Places,Atlas of Vanishing Places,The Quarto Group
Atmospheric Monitoring with Arduino,Atmospheric Monitoring with Arduino,O'Reilly
"Atoms and Photons and Quanta, Oh My!: Ask the Physicist about Atomic, Nuclear, and Quantum Physics","Atoms and Photons and Quanta, Oh My!: Ask the Physicist about Atomic, Nuclear, and Quantum Physics",Morgan & Claypool Publishers
Augmented Reality with Unity AR Foundation,Augmented Reality with Unity AR Foundation,Packt
Aurelia in Action,Aurelia in Action,Manning Publications
The Autism FAQ: Everything You Wanted to Know About Diagnosis & Autistic Life,The Autism FAQ: Everything You Wanted to Know About Diagnosis & Autistic Life,Microcosm
The Autism Partner Handbook: How to Love an Autistic Person,The Autism Partner Handbook: How to Love an Autistic Person,Microcosm
"The Autism Relationships Handbook: How to Thrive in Friendships, Dating, and Love","The Autism Relationships Handbook: How to Thrive in Friendships, Dating, and Love",Microcosm
The Autism Relationships Workbook,The Autism Relationships Workbook,Microcosm
Auto Repair For Dummies,Auto Repair For Dummies,Wiley
AutoCAD 2019 3D Modelling,AutoCAD 2019 3D Modelling,"Walter De Gruyter, Inc."
AutoCAD 2019 Beginning and Intermediate,AutoCAD 2019 Beginning and Intermediate,"Walter De Gruyter, Inc."
AutoCAD 2021 3D Modeling,AutoCAD 2021 3D Modeling,"Walter De Gruyter, Inc."
AutoCAD 2023 Beginning and Intermediate,AutoCAD 2023 Beginning and Intermediate,"Walter De Gruyter, Inc."
AutoDesk Revit 2021 Architecture,AutoDesk Revit 2021 Architecture,"Walter De Gruyter, Inc."
Automate the Boring Stuff with Python: Practical Programming for Total Beginners,Automate the Boring Stuff with Python: Practical Programming for Total Beginners,No Starch Press
Automating DevOps with GitLab CI/CD Pipelines,Automating DevOps with GitLab CI/CD Pipelines,Packt
"Autotools, 2nd Edition: A Practitioner's Guide to GNU Autoconf, Automake, and Libtool","Autotools, 2nd Edition: A Practitioner's Guide to GNU Autoconf, Automake, and Libtool",No Starch Press
Awakening Compassion at Work: The Quiet Power That Elevates People and Organizations,Awakening Compassion at Work: The Quiet Power That Elevates People and Organizations,Berrett Koehler
AWS Certified Cloud Practitioner Study Guide: CLF-C01 Exam,AWS Certified Cloud Practitioner Study Guide: CLF-C01 Exam,Wiley
AWS Certified Data Analytics Study Guide: Specialty (DAS-C01) Exam,AWS Certified Data Analytics Study Guide: Specialty (DAS-C01) Exam,Wiley
AWS Certified Security – Specialty Exam Guide,AWS Certified Security – Specialty Exam Guide,Packt
AWS Certified Security - Specialty (SCS-C02) Exam Guide - Second Edition,AWS Certified Security - Specialty (SCS-C02) Exam Guide - Second Edition,Packt
AWS Certified Solutions Architect - Professional Exam Guide (SAP-C02),AWS Certified Solutions Architect - Professional Exam Guide (SAP-C02),Packt
AWS Certified Solutions Architect Study Guide: Associate SAA-C02 Exam,AWS Certified Solutions Architect Study Guide: Associate SAA-C02 Exam,Wiley
"AWS Certified SysOps Administrator Study Guide: Associate (SOA-C01) Exam, 2nd Edition","AWS Certified SysOps Administrator Study Guide: Associate (SOA-C01) Exam, 2nd Edition",Wiley
AWS Penetration Testing,AWS Penetration Testing,Packt
AWS System Administration,AWS System Administration,O'Reilly
Azure Architecture Explained,Azure Architecture Explained,Packt
Azure DevOps Explained,Azure DevOps Explained,Packt
Azure for Developers - Second Edition,Azure for Developers - Second Edition,Packt
Azure Machine Learning Engineering,Azure Machine Learning Engineering,Packt
Back Pain Relief Plan,Back Pain Relief Plan,Callisto Publishing
Backgammon For Dummies,Backgammon For Dummies,Wiley
The Backyard Fire Cookbook,The Backyard Fire Cookbook,The Quarto Group
Badass Braids,Badass Braids,The Quarto Group
Bake Until Bubbly,Bake Until Bubbly,Open Road Media
Baker Bettie's Better Baking Book: Classic Baking Techniques and Recipes for Building Baking Confidence,Baker Bettie's Better Baking Book: Classic Baking Techniques and Recipes for Building Baking Confidence,Mango Media
Baking Favorites,Baking Favorites,Insight Editions
Baking with Less Sugar,Baking with Less Sugar,Chronicle Books
Baldur's Gate II,Baldur's Gate II,Boss Fight Books
Balls on the Lawn,Balls on the Lawn,Chronicle Books
Bang!: Masturbation for People of All Genders and Abilities,Bang!: Masturbation for People of All Genders and Abilities,Microcosm
Bar Tartine,Bar Tartine,Chronicle Books
Barbecue Lover's Big Book of BBQ Sauces,Barbecue Lover's Big Book of BBQ Sauces,The Quarto Group
Bartending For Dummies,Bartending For Dummies,Wiley
Baseline Shift,Baseline Shift,Chronicle Books
bash Cookbook,bash Cookbook,O'Reilly
"bash Cookbook, 2E","bash Cookbook, 2E",O'Reilly
Basho's Narrow Road: Spring and Autumn Passages,Basho's Narrow Road: Spring and Autumn Passages,Stone Bridge Press
Basic Electromagnetic Theory,Basic Electromagnetic Theory,"Walter De Gruyter, Inc."
Basic Electronics,Basic Electronics,"Walter De Gruyter, Inc."
Basic VLSI Design Technology,Basic VLSI Design Technology,River Publishers
The Battle for Your Computer: Israel and the Growth of the Global Cyber-Security Industry,The Battle for Your Computer: Israel and the Growth of the Global Cyber-Security Industry,Wiley
Bayesian Analysis with Python,Bayesian Analysis with Python,Packt
Bayesian Programming,Bayesian Programming,Taylor & Francis Group
"Bayesian Statistics the Fun Way: Understanding Statistics and Probability with Star Wars, LEGO, and Rubber Ducks","Bayesian Statistics the Fun Way: Understanding Statistics and Probability with Star Wars, LEGO, and Rubber Ducks",No Starch Press
BBQ Revolution,BBQ Revolution,The Quarto Group
Be Happy: 35 Powerful Methods for Personal Growth & Well-Being,Be Happy: 35 Powerful Methods for Personal Growth & Well-Being,The Quarto Group
"Be Kind: A Year of Kindness, One Week at a Time","Be Kind: A Year of Kindness, One Week at a Time",The Quarto Group
Be the Boss Everyone Wants to Work For,Be the Boss Everyone Wants to Work For,Berrett Koehler
BeagleBone For Dummies,BeagleBone For Dummies,Wiley
Beat the Odds,Beat the Odds,Weldon Owen
The Beauty Geek's Guide to Skin Care,The Beauty Geek's Guide to Skin Care,Callisto Publishing
Becoming a Better Programmer,Becoming a Better Programmer,O'Reilly
Becoming a Dog Chef: Stories and Recipes to Spoil Your Pup from America's Top Dog Chef (Homemade Dog Food),Becoming a Dog Chef: Stories and Recipes to Spoil Your Pup from America's Top Dog Chef (Homemade Dog Food),Mango Media
Becoming Agile...in an imperfect world,Becoming Agile...in an imperfect world,Manning Publications
Beer School: A Crash Course in Craft Beer,Beer School: A Crash Course in Craft Beer,Mango Media
Befriend Your Brain,Befriend Your Brain,Microcosm
Beginner's Guide to Brazilian Portuguese,Beginner's Guide to Brazilian Portuguese,International Markets Consulting
Beginner’s Guide to French,Beginner’s Guide to French,International Markets Consulting
Beginner’s Guide to German,Beginner’s Guide to German,International Markets Consulting
Beginner's Guide to Italian,Beginner's Guide to Italian,Richdale Ventures
Beginner’s Guide to Mandarin Chinese,Beginner’s Guide to Mandarin Chinese,International Markets Consulting
Beginner’s Guide to Spanish,Beginner’s Guide to Spanish,International Markets Consulting
Beginning Android Programming with Android Studio,Beginning Android Programming with Android Studio,Wiley
Beginning ASP.NET 4.5.1: in C# and VB,Beginning ASP.NET 4.5.1: in C# and VB,Wiley
Beginning ASP.NET for Visual Studio 2015,Beginning ASP.NET for Visual Studio 2015,Wiley
Beginning C# 7 Programming with Visual Studio 2017,Beginning C# 7 Programming with Visual Studio 2017,Wiley
Beginning Database Design Solutions,Beginning Database Design Solutions,Wiley
Beginning Flutter: A Hands On Guide to App Development,Beginning Flutter: A Hands On Guide to App Development,Wiley
BEGINNING GIT AND GITHUB,BEGINNING GIT AND GITHUB,Springer
Beginning gRPC with ASP.NET Core 6,Beginning gRPC with ASP.NET Core 6,Springer
Beginning Java Programming: The Object-Oriented Approach,Beginning Java Programming: The Object-Oriented Approach,Wiley
Beginning JavaScript,Beginning JavaScript,Wiley
Beginning Linux Programming,Beginning Linux Programming,Wiley
Beginning Perl,Beginning Perl,Wiley
Beginning Python: Using Python 2.6 and Python 3.1,Beginning Python: Using Python 2.6 and Python 3.1,Wiley
Beginning React and Firebase,Beginning React and Firebase,Springer
Beginning Software Engineering,Beginning Software Engineering,Wiley
Beginning Spring,Beginning Spring,Wiley
Beginning XML,Beginning XML,Wiley
Behavioral Cybersecurity: Fundamental Principles and Applications of Personality Psychology,Behavioral Cybersecurity: Fundamental Principles and Applications of Personality Psychology,Taylor & Francis Group
Behavioral Insights,Behavioral Insights,Penguin Random House US
Beijing Red,Beijing Red,Penguin Random House US
Being Buddha at Work,Being Buddha at Work,Berrett Koehler
Being Japanese American,Being Japanese American,Stone Bridge Press
Best Kept Secrets: A Novel,Best Kept Secrets: A Novel,Penguin Random House US
"Best Meditations on the Planet: 100 Techniques to Beat Stress, Improve Health, and Create Happiness-In Just Minutes A Day","Best Meditations on the Planet: 100 Techniques to Beat Stress, Improve Health, and Create Happiness-In Just Minutes A Day",The Quarto Group
Best of American Barbecue Smoker Cookbook,Best of American Barbecue Smoker Cookbook,Callisto Publishing
The Best of British Baking,The Best of British Baking,Callisto Publishing
Best of Make: Volume 2: 65 Projects and Skill Builders from the Pages of Make:,Best of Make: Volume 2: 65 Projects and Skill Builders from the Pages of Make:,O'Reilly
Best of Mexican Cooking,Best of Mexican Cooking,Callisto Publishing
The Best of New Orleans Cookbook,The Best of New Orleans Cookbook,Callisto Publishing
BEST OF THE TOTAL OUTDOORSMAN,BEST OF THE TOTAL OUTDOORSMAN,Weldon Owen
"The Best Veggie Burgers on the Planet, revised and updated","The Best Veggie Burgers on the Planet, revised and updated",The Quarto Group
Better Daily Sleep Habits,Better Daily Sleep Habits,Callisto Publishing
Better Each Day,Better Each Day,Chronicle Books
Better from Scratch/Make Your Own Pantry Essentials,Better from Scratch/Make Your Own Pantry Essentials,Insight Editions
Better Grammar,Better Grammar,Career Press
Better Sentence Writing,Better Sentence Writing,Career Press
"Beyond Curie: Four Women in Physics and their Remarkable Discoveries, 1903-1963","Beyond Curie: Four Women in Physics and their Remarkable Discoveries, 1903-1963",Morgan & Claypool Publishers
"Beyond the Algorithm: AI, Security, Privacy, and Ethics","Beyond the Algorithm: AI, Security, Privacy, and Ethics",Pearson
Beyond the Basic Stuff with Python: Best Practices for Writing Clean Code.,Beyond the Basic Stuff with Python: Best Practices for Writing Clean Code.,No Starch Press
Bible Adventures,Bible Adventures,Boss Fight Books
Bicycles & Broomsticks: Fantastical Feminist Stories about Witches on Bikes,Bicycles & Broomsticks: Fantastical Feminist Stories about Witches on Bikes,Microcosm
The Big Book of Small Python Projects,The Big Book of Small Python Projects,No Starch Press
The Big Book Of Words You Should Know To Sound Smart,The Big Book Of Words You Should Know To Sound Smart,Simon & Schuster
Big Data Analytics and Computing for Digital Forensic Investigations,Big Data Analytics and Computing for Digital Forensic Investigations,Taylor & Francis Group
Big Data at Work: The Data Science Revolution and Organizational Psychology,Big Data at Work: The Data Science Revolution and Organizational Psychology,Taylor & Francis Group
"Big Data: Concepts, Warehousing, and Analytics","Big Data: Concepts, Warehousing, and Analytics",River Publishers
Big Data in Complex and Social Networks,Big Data in Complex and Social Networks,Taylor & Francis Group
Big Data Management and Processing,Big Data Management and Processing,Taylor & Francis Group
Big Data Management in Sensing: Applications in AI and IoT,Big Data Management in Sensing: Applications in AI and IoT,River Publishers
Big Data on Kubernetes,Big Data on Kubernetes,Packt
Big Data Using Hadoop and Hive,Big Data Using Hadoop and Hive,"Walter De Gruyter, Inc."
The Big Hoax,The Big Hoax,Titan Publishing Group
The Big-Ass Book of Home Decor,The Big-Ass Book of Home Decor,Abrams Books
Bike Repair and Maintenance For Dummies,Bike Repair and Maintenance For Dummies,Wiley
Billion Dollar Hollywood Heist,Billion Dollar Hollywood Heist,Skyhorse Publishing
Biologically Inspired Design: A Primer,Biologically Inspired Design: A Primer,Morgan & Claypool Publishers
Biophysics of the Senses,Biophysics of the Senses,Morgan & Claypool Publishers
Biscuit Head,Biscuit Head,The Quarto Group
"Black, Brown + Latinx Design Educators","Black, Brown + Latinx Design Educators",Chronicle Books
Black Dahlia Avenger,Black Dahlia Avenger,Skyhorse Publishing
Black Girls Sew,Black Girls Sew,Abrams Books
The Black Terror Vol. 1,The Black Terror Vol. 1,Dynamite Entertainment
The Black Terror Vol. 2,The Black Terror Vol. 2,Dynamite Entertainment
The Black Terror Vol. 3,The Black Terror Vol. 3,Dynamite Entertainment
"Blender 3D By Example, Second Edition","Blender 3D By Example, Second Edition",Packt
"Blockchain, Bitcoin, and the Digital Economy","Blockchain, Bitcoin, and the Digital Economy","Walter De Gruyter, Inc."
Blockchain Platforms: A Look at the Underbelly of Distributed Platforms,Blockchain Platforms: A Look at the Underbelly of Distributed Platforms,Morgan & Claypool Publishers
"Blockchain Security from the Bottom Up: Securing and Preventing Attacks on Cryptocurrencies, Decentralized Applications, NFTs, and Smart Contracts","Blockchain Security from the Bottom Up: Securing and Preventing Attacks on Cryptocurrencies, Decentralized Applications, NFTs, and Smart Contracts",Wiley
"Blocks and Chains: Introduction to Bitcoin, Cryptocurrencies, and Their Consensus Mechanisms","Blocks and Chains: Introduction to Bitcoin, Cryptocurrencies, and Their Consensus Mechanisms",Morgan & Claypool Publishers
Blood on the Mink,Blood on the Mink,Titan Publishing Group
Blood Sugar,Blood Sugar,Titan Publishing Group
Body Language of Liars,Body Language of Liars,Career Press
Body Language Sales Secrets,Body Language Sales Secrets,Career Press
Bone Broth Miracle,Bone Broth Miracle,Skyhorse Publishing
The Book,The Book,Penguin Random House US
"The Book of 3D Printing - Modeling, Finishing and More","The Book of 3D Printing - Modeling, Finishing and More",Kamui Cosplay
"The Book of Audacity: Record, Edit, Mix, and Master with the Free Audio Editor","The Book of Audacity: Record, Edit, Mix, and Master with the Free Audio Editor",No Starch Press
Book of Building Fires,Book of Building Fires,Chronicle Books
The Book of Cosplay Armor Making,The Book of Cosplay Armor Making,Kamui Cosplay
The Book of Cosplay Motivation,The Book of Cosplay Motivation,Kamui Cosplay
The Book of Cosplay Sewing,The Book of Cosplay Sewing,Kamui Cosplay
The Book of F#: Breaking Free with Managed Functional Programming,The Book of F#: Breaking Free with Managed Functional Programming,No Starch Press
The Book of Foam Props - Lightweight and Affordable,The Book of Foam Props - Lightweight and Affordable,Kamui Cosplay
The Book of GIMP,The Book of GIMP,No Starch Press
The Book of Inkscape,The Book of Inkscape,No Starch Press
The Book of Kubernetes,The Book of Kubernetes,No Starch Press
Book of Making – Volume 2,Book of Making – Volume 2,Raspberry Pi Press
The Book of PF,The Book of PF,No Starch Press
The Book of R,The Book of R,No Starch Press
The Book of Sleep,The Book of Sleep,Callisto Publishing
The Book Of Tea,The Book Of Tea,Stone Bridge Press
Bookbinding,Bookbinding,Chronicle Books
Booze Cakes,Booze Cakes,Penguin Random House US
Born to Be Weird: Demented Fantasy and Bizarro Horror,Born to Be Weird: Demented Fantasy and Bizarro Horror,Microcosm
Bow Down,Bow Down,Simon & Schuster
Bowl,Bowl,Open Road Media
The Boys: Dear Becky #1,The Boys: Dear Becky #1,Dynamite Entertainment
The Boys: Dear Becky #2,The Boys: Dear Becky #2,Dynamite Entertainment
The Boys Vol. 1: The Name of the Game,The Boys Vol. 1: The Name of the Game,Dynamite Entertainment
"The Boys Vol. 10: Butcher, Baker, Candlestickmaker","The Boys Vol. 10: Butcher, Baker, Candlestickmaker",Dynamite Entertainment
The Boys Vol. 11: Over the Hill with the Swords of a Thousand Men,The Boys Vol. 11: Over the Hill with the Swords of a Thousand Men,Dynamite Entertainment
The Boys Vol. 12: The Bloody Doors Off,The Boys Vol. 12: The Bloody Doors Off,Dynamite Entertainment
The Boys Vol. 2: Get Some,The Boys Vol. 2: Get Some,Dynamite Entertainment
The Boys Vol. 3: Good for the Soul,The Boys Vol. 3: Good for the Soul,Dynamite Entertainment
The Boys Vol. 4: We Gotta Go Now,The Boys Vol. 4: We Gotta Go Now,Dynamite Entertainment
The Boys Vol. 5: Herogasm,The Boys Vol. 5: Herogasm,Dynamite Entertainment
The Boys Vol. 6: The Self-Preservation Society,The Boys Vol. 6: The Self-Preservation Society,Dynamite Entertainment
The Boys Vol. 7: The Innocents,The Boys Vol. 7: The Innocents,Dynamite Entertainment
The Boys Vol. 8: Highland Laddie,The Boys Vol. 8: Highland Laddie,Dynamite Entertainment
The Boys Vol. 9: The Big Ride,The Boys Vol. 9: The Big Ride,Dynamite Entertainment
Brain Hacks,Brain Hacks,Simon & Schuster
The Brain Health Cookbook,The Brain Health Cookbook,Callisto Publishing
"Bread Baking Basics: Recipes for Mastering Bread, Dough and Flour","Bread Baking Basics: Recipes for Mastering Bread, Dough and Flour",Mango Media
Bread Lover's Bread Machine Cookbook,Bread Lover's Bread Machine Cookbook,The Quarto Group
Breakfast for Dinner,Breakfast for Dinner,Penguin Random House US
Breakneck,Breakneck,Titan Publishing Group
Breakout,Breakout,Boss Fight Books
Breathwork,Breathwork,Callisto Publishing
Bridge For Dummies,Bridge For Dummies,Wiley
"Broke, Not Broken","Broke, Not Broken",Microcosm
Brooklyn Makers,Brooklyn Makers,Chronicle Books
Buddhism 101,Buddhism 101,Simon & Schuster
Budgeting 101,Budgeting 101,Simon & Schuster
Build a Binary Clock with Elixir and Nerves,Build a Binary Clock with Elixir and Nerves,Pragmatic Programmers
Build a Rock Paper Scissors Game from Scratch with React,Build a Rock Paper Scissors Game from Scratch with React,SitePoint
Build a Weather App from Scratch with Next.js,Build a Weather App from Scratch with Next.js,SitePoint
Build a Weather Station with Elixir and Nerves,Build a Weather Station with Elixir and Nerves,Pragmatic Programmers
Build an App with TypeScript and the Pexels API,Build an App with TypeScript and the Pexels API,SitePoint
Build it Yourself,Build it Yourself,Chronicle Books
Build This Bong,Build This Bong,Chronicle Books
Build Your Own First-Person Shooter in Unity,Build Your Own First-Person Shooter in Unity,Raspberry Pi Press
Build Your Own Programming Language,Build Your Own Programming Language,Packt
Building an Event-Driven Data Mesh,Building an Event-Driven Data Mesh,O'Reilly
Building Better Organizations,Building Better Organizations,Berrett Koehler
Building Event-Driven Microservices,Building Event-Driven Microservices,O'Reilly
"Building Evolutionary Architectures, 2nd Edition","Building Evolutionary Architectures, 2nd Edition",O'Reilly
Building Games with Flutter,Building Games with Flutter,Packt
Building LLM Powered Applications,Building LLM Powered Applications,Packt
Building Machine Learning Powered Applications,Building Machine Learning Powered Applications,O'Reilly
Building Machine Learning Systems using Python,Building Machine Learning Systems using Python,Richdale Ventures
"Building Microservices, 2nd Edition","Building Microservices, 2nd Edition",O'Reilly
Building Multi-Tenant SaaS Architectures,Building Multi-Tenant SaaS Architectures,O'Reilly
Building Offline Applications with Angular,Building Offline Applications with Angular,Springer
Building Single Page Applications in .NET Core,Building Single Page Applications in .NET Core,Springer
Building Table Views with Phoenix LiveView,Building Table Views with Phoenix LiveView,Pragmatic Programmers
"Building The Perfect PC, 3rd Edition","Building The Perfect PC, 3rd Edition",O'Reilly
Building the Web of Things,Building the Web of Things,Manning Publications
Building Web Apps with Spring 5 and Angular,Building Web Apps with Spring 5 and Angular,Packt
"Building Web Apps with WordPress, 2nd Edition","Building Web Apps with WordPress, 2nd Edition",O'Reilly
Buns and Burgers: Handcrafted Burgers from Top to Bottom,Buns and Burgers: Handcrafted Burgers from Top to Bottom,Mango Media
Business Etiquette,Business Etiquette,Career Press
Business Intelligence & Data Warehousing Simplified,Business Intelligence & Data Warehousing Simplified,"Walter De Gruyter, Inc."
The Business of Building a Better World,The Business of Building a Better World,Berrett Koehler
Business of Creativity,Business of Creativity,Chronicle Books
The Business of Design: Balancing Creartivity and Profitability,The Business of Design: Balancing Creartivity and Profitability,Chronicle Books
Bust,Bust,Titan Publishing Group
Buxton Hall Barbecue's Book of Smoke,Buxton Hall Barbecue's Book of Smoke,The Quarto Group
C# 10 and .NET 6 - Modern Cross-Platform Development - 6th Edition,C# 10 and .NET 6 - Modern Cross-Platform Development - 6th Edition,Packt
C# 12 and .NET 8 - Modern Cross-Platform Development Fundamentals - 8th Edition,C# 12 and .NET 8 - Modern Cross-Platform Development Fundamentals - 8th Edition,Packt
C# 8.0 in a Nutshell,C# 8.0 in a Nutshell,O'Reilly
C# 9.0 in a Nutshell,C# 9.0 in a Nutshell,O'Reilly
C++ Crash Course,C++ Crash Course,No Starch Press
C# Data Structures and Algorithms - Second Edition,C# Data Structures and Algorithms - Second Edition,Packt
C++ High Performance,C++ High Performance,Packt
C# Interview Guide,C# Interview Guide,Packt
C Programming and Numerical Analysis,C Programming and Numerical Analysis,Morgan & Claypool Publishers
"C# Programming for Absolute Beginners, 2nd edition","C# Programming for Absolute Beginners, 2nd edition",Springer
C++ Programming Fundamentals,C++ Programming Fundamentals,"Walter De Gruyter, Inc."
The C# Workshop,The C# Workshop,Packt
C++20 STL Cookbook,C++20 STL Cookbook,Packt
Calisthenics for Beginners,Calisthenics for Beginners,Callisto Publishing
Camp Cocktails,Camp Cocktails,The Quarto Group
"Camper Rehab: A Guide to Buying, Repairing, and Upgrading Your Travel Trailer","Camper Rehab: A Guide to Buying, Repairing, and Upgrading Your Travel Trailer",The Quarto Group
Campfire Cuisine,Campfire Cuisine,Quirk Books
CAMPING Guide: Skills You Need (Field & Stream),CAMPING Guide: Skills You Need (Field & Stream),Weldon Owen
"Cannabis Cocktails, Mocktails & Tonics","Cannabis Cocktails, Mocktails & Tonics",The Quarto Group
Cannabis Cuisine: Bud Pairings of A Born Again Chef,Cannabis Cuisine: Bud Pairings of A Born Again Chef,Mango Media
Cannabis Kitchen Cookbook,Cannabis Kitchen Cookbook,Skyhorse Publishing
The Cape: And Other Stories From The Japanese Ghetto.,The Cape: And Other Stories From The Japanese Ghetto.,Stone Bridge Press
Carbon Capture,Carbon Capture,Penguin Random House US
Card Games All-in-One For Dummies,Card Games All-in-One For Dummies,Wiley
Casino Gambling For Dummies,Casino Gambling For Dummies,Wiley
Cast like Magic,Cast like Magic,Folkenstal
The Cathedral & the Bazaar,The Cathedral & the Bazaar,O'Reilly
Causal Inference and Discovery in Python,Causal Inference and Discovery in Python,Packt
Causal Inference in R,Causal Inference in R,Packt
CCNA Certification Practice Tests: Exam 200-301,CCNA Certification Practice Tests: Exam 200-301,Wiley
"CCNA Certification Study Guide, Volume 2: Exam 200-301","CCNA Certification Study Guide, Volume 2: Exam 200-301",Wiley
CCNP Enterprise Certification Study Guide: Implementing and Operating Cisco Enterprise Network Core Technologies: Exam 350-401,CCNP Enterprise Certification Study Guide: Implementing and Operating Cisco Enterprise Network Core Technologies: Exam 350-401,Wiley
Celebrate Your Body 2,Celebrate Your Body 2,Callisto Publishing
"Celebrate Your Body (and Its Changes, Too!)","Celebrate Your Body (and Its Changes, Too!)",Callisto Publishing
Celebrate Your Feelings,Celebrate Your Feelings,Callisto Publishing
"Change Your Questions, Change Your Life: 12 Powerful Tools for Leadership, Coaching, and Life","Change Your Questions, Change Your Life: 12 Powerful Tools for Leadership, Coaching, and Life",Berrett Koehler
Charlesgate Confidential,Charlesgate Confidential,Titan Publishing Group
Chef's Secrets,Chef's Secrets,Quirk Books
Chess For Dummies,Chess For Dummies,Wiley
Chess Openings For Dummies,Chess Openings For Dummies,Wiley
China Country Guide,China Country Guide,Lonely Planet
Chinese Street Food,Chinese Street Food,Skyhorse Publishing
Choke Hold,Choke Hold,Titan Publishing Group
Chrono Trigger,Chrono Trigger,Boss Fight Books
Circuit Analysis For Dummies,Circuit Analysis For Dummies,Wiley
Circuitbuilding Do-It-Yourself For Dummies,Circuitbuilding Do-It-Yourself For Dummies,Wiley
CISA – Certified Information Systems Auditor Study Guide,CISA – Certified Information Systems Auditor Study Guide,Packt
Classic Computer Science Problems in Python,Classic Computer Science Problems in Python,Manning Publications
Classic Shell Scripting,Classic Shell Scripting,O'Reilly
Clean Android Architecture,Clean Android Architecture,Packt
Clean Code in Python,Clean Code in Python,Packt
Clean Code With C# - 2nd Edition,Clean Code With C# - 2nd Edition,Packt
Cleaning Hacks,Cleaning Hacks,Simon & Schuster
Clojure for the Brave and True: Learn the Ultimate Language and Become a Better Programmer,Clojure for the Brave and True: Learn the Ultimate Language and Become a Better Programmer,No Starch Press
Cloud Computing Basics: A Self-Teaching Introduction,Cloud Computing Basics: A Self-Teaching Introduction,"Walter De Gruyter, Inc."
Cloud Foundry: The Definitive Guide,Cloud Foundry: The Definitive Guide,O'Reilly
Cloud Native Go,Cloud Native Go,O'Reilly
Cloud Native Infrastructure,Cloud Native Infrastructure,O'Reilly
Cloud Native with Kubernetes,Cloud Native with Kubernetes,Packt
Cloud Solution Architect's Career Master Plan,Cloud Solution Architect's Career Master Plan,Packt
Cloud-Native Applications in Java,Cloud-Native Applications in Java,Packt
Cluster Analysis and Data Mining,Cluster Analysis and Data Mining,"Walter De Gruyter, Inc."
The Cocktail Companion,The Cocktail Companion,Mango Media
"Cocktails, Mocktails, and Garnishes from the Garden: Recipes for Beautiful Beverages with a Botanical Twist","Cocktails, Mocktails, and Garnishes from the Garden: Recipes for Beautiful Beverages with a Botanical Twist",Mango Media
Code Craft,Code Craft,No Starch Press
Code like a Pro in C#,Code like a Pro in C#,Manning Publications
Code the Classics: Volume 1,Code the Classics: Volume 1,Raspberry Pi Press
Codename Revolution: The Nintendo Wii Platform,Codename Revolution: The Nintendo Wii Platform,Penguin Random House US
Cold-Blooded Business,Cold-Blooded Business,Skyhorse Publishing
Collaborating with the Enemy: How to Work with People You Don’t Agree with or Like or Trust,Collaborating with the Enemy: How to Work with People You Don’t Agree with or Like or Trust,Berrett Koehler
Collected Ms. Tree Volume 1,Collected Ms. Tree Volume 1,Titan Publishing Group
College Hacks,College Hacks,Simon & Schuster
Collision Detection in Interactive 3D Environments,Collision Detection in Interactive 3D Environments,Taylor & Francis Group
Come and Get Me,Come and Get Me,Penguin Random House US
Comets in the 21st Century: A Personal Guide to Experiencing the Next Great Comet,Comets in the 21st Century: A Personal Guide to Experiencing the Next Great Comet,Morgan & Claypool Publishers
Communicating the User Experience: A Practical Guide for Creating Useful UX Documentation,Communicating the User Experience: A Practical Guide for Creating Useful UX Documentation,Wiley
Communication Patterns,Communication Patterns,O'Reilly
Communities of Play: Emergent Cultures in Multiplayer Games and Virtual Worlds,Communities of Play: Emergent Cultures in Multiplayer Games and Virtual Worlds,MIT Press
Commutative Algebra,Commutative Algebra,"Walter De Gruyter, Inc."
The Complete ASP.NET Core API Tutorial,The Complete ASP.NET Core API Tutorial,Springer
Complete Book of Ferns,Complete Book of Ferns,The Quarto Group
"The Complete Book of Fun Maths: 250 Confidence-boosting Tricks, Tests and Puzzles","The Complete Book of Fun Maths: 250 Confidence-boosting Tricks, Tests and Puzzles",Wiley
Complete Cajun Cookbook,Complete Cajun Cookbook,Callisto Publishing
The Complete Coding Interview Guide in Java,The Complete Coding Interview Guide in Java,Packt
Complete Container Herb Gardening,Complete Container Herb Gardening,The Quarto Group
Complete Crochet Course,Complete Crochet Course,Open Road Media
Complete Electronics Self-Teaching Guide with Projects,Complete Electronics Self-Teaching Guide with Projects,Wiley
The Complete Italian Cookbook,The Complete Italian Cookbook,Callisto Publishing
The Complete OCD Workbook,The Complete OCD Workbook,Callisto Publishing
The Complete Photo Guide to Clothing Construction,The Complete Photo Guide to Clothing Construction,The Quarto Group
Complete Photo Guide to Making Metal Jewelry,Complete Photo Guide to Making Metal Jewelry,The Quarto Group
The Complete Photo Guide to Perfect Fitting,The Complete Photo Guide to Perfect Fitting,The Quarto Group
Complex Network Analysis in Python,Complex Network Analysis in Python,Pragmatic Programmers
CompTIA Cloud Essentials+ Study Guide: Exam CLO-002,CompTIA Cloud Essentials+ Study Guide: Exam CLO-002,Wiley
CompTIA Linux+ Study Guide: Exam XK0-004,CompTIA Linux+ Study Guide: Exam XK0-004,Wiley
CompTIA PenTest+ Practice Tests: Exam PT0-001,CompTIA PenTest+ Practice Tests: Exam PT0-001,Wiley
CompTIA Security+ Certification Guide,CompTIA Security+ Certification Guide,Packt
CompTIA Security+: SY0-601 Certification Guide,CompTIA Security+: SY0-601 Certification Guide,Packt
"Computational Physics , Second Edition","Computational Physics , Second Edition","Walter De Gruyter, Inc."
Computer Graphics from Scratch,Computer Graphics from Scratch,No Starch Press
Computer Graphics Programming in OpenGL With JAVA,Computer Graphics Programming in OpenGL With JAVA,"Walter De Gruyter, Inc."
Computer Programming for Absolute Beginners,Computer Programming for Absolute Beginners,Packt
Computer Security and Encryption,Computer Security and Encryption,"Walter De Gruyter, Inc."
Computer Vision on AWS,Computer Vision on AWS,Packt
Computer Visualization: Graphics Techniques for Engineering and Scientific Analysis,Computer Visualization: Graphics Techniques for Engineering and Scientific Analysis,Taylor & Francis Group
The Computers that Made Britain,The Computers that Made Britain,Raspberry Pi Press
Concurrency in C# Cookbook,Concurrency in C# Cookbook,O'Reilly
"Concurrency in C# Cookbook, 2E","Concurrency in C# Cookbook, 2E",O'Reilly
Concurrent Data Processing in Elixir,Concurrent Data Processing in Elixir,Pragmatic Programmers
Confessions of a Wall Street Insider,Confessions of a Wall Street Insider,Skyhorse Publishing
Conflict Resolution Phrase Book,Conflict Resolution Phrase Book,Career Press
Connecting With The Autism Spectrum,Connecting With The Autism Spectrum,Callisto Publishing
"Conscious Creativity: Look, Connect, Create","Conscious Creativity: Look, Connect, Create",The Quarto Group
Consensuality: How to Love Other People Without Losing Yourself,Consensuality: How to Love Other People Without Losing Yourself,Microcosm
Container Gardening Complete: Creative Projects for Growing Vegetables and Flowers in Small Spaces,Container Gardening Complete: Creative Projects for Growing Vegetables and Flowers in Small Spaces,The Quarto Group
Content,Content,Penguin Random House US
Continue? The Boss Fight Books Anthology,Continue? The Boss Fight Books Anthology,Boss Fight Books
Continuous Delivery with Docker and Jenkins,Continuous Delivery with Docker and Jenkins,Packt
Continuous Distributions in Engineering and the Applied Sciences -- Part I,Continuous Distributions in Engineering and the Applied Sciences -- Part I,Morgan & Claypool Publishers
Continuous Machine Learning with Kubeflow,Continuous Machine Learning with Kubeflow,Richdale Ventures
"Conversational AI: Dialogue Systems, Conversational Agents, and Chatbots","Conversational AI: Dialogue Systems, Conversational Agents, and Chatbots",Morgan & Claypool Publishers
Convinced!: How to Prove Your Competence & Win People Over,Convinced!: How to Prove Your Competence & Win People Over,Berrett Koehler
The Cookbook for Kids,The Cookbook for Kids,Insight Editions
The Cookie Dough Lover's Cookbook,The Cookie Dough Lover's Cookbook,Quirk Books
The Cookiepedia,The Cookiepedia,Quirk Books
Cookies & Cocktails,Cookies & Cocktails,Simon & Schuster
Cooking at Home,Cooking at Home,Open Road Media
"Cooking, Baking, and Making: 100 Recipes and DIY Ideas for All Seasons and Reasons","Cooking, Baking, and Making: 100 Recipes and DIY Ideas for All Seasons and Reasons",Mango Media
Cooking Basics For Dummies,Cooking Basics For Dummies,Wiley
Cooking for Sugar: Spoiling Your Pup with Doglicious Homemade Treats,Cooking for Sugar: Spoiling Your Pup with Doglicious Homemade Treats,Mango Media
Cooking in Season,Cooking in Season,Insight Editions
Cooking with Flowers,Cooking with Flowers,Quirk Books
Coping Skills,Coping Skills,Microcosm
The Coroner,The Coroner,Penguin Random House US
Cosplay Armor Making Book 1,Cosplay Armor Making Book 1,Kinpatsu Cosplay
Cosplay Makeup Tips and Tricks,Cosplay Makeup Tips and Tricks,Kinpatsu Cosplay
The Count Of 9,The Count Of 9,Titan Publishing Group
Countertop Gardens: Easily Grow Kitchen Edibles Indoors for Year-Round Enjoyment,Countertop Gardens: Easily Grow Kitchen Edibles Indoors for Year-Round Enjoyment,The Quarto Group
Country Cooking of France,Country Cooking of France,Chronicle Books
Country Living Cast Iron Cookbook,Country Living Cast Iron Cookbook,Penguin Random House US
Courage Goes to Work,Courage Goes to Work,Berrett Koehler
The Courage Party: Helping Our Resilient Children Understand and Survive Sexual Assault,The Courage Party: Helping Our Resilient Children Understand and Survive Sexual Assault,Microcosm
The Courage Way,The Courage Way,Berrett Koehler
Cracking Codes with Python: An Introduction to Building and Breaking Ciphers,Cracking Codes with Python: An Introduction to Building and Breaking Ciphers,No Starch Press
Cracking the Data Engineering Interview,Cracking the Data Engineering Interview,Packt
The Craft Cocktail Compendium,The Craft Cocktail Compendium,The Quarto Group
Craft Coffee,Craft Coffee,Open Road Media
Craft GraphQL APIs in Elixir with Absinthe,Craft GraphQL APIs in Elixir with Absinthe,Pragmatic Programmers
CRAFTING CLEAN CODE WITH JAVASCRIPT AND REACT,CRAFTING CLEAN CODE WITH JAVASCRIPT AND REACT,Springer
Crafting HTML Email,Crafting HTML Email,SitePoint
Crafting Test-Driven Software with Python,Crafting Test-Driven Software with Python,Packt
The Crafty Gardener: Inspired Ideas and DIY Crafts From Your Own Backyard,The Crafty Gardener: Inspired Ideas and DIY Crafts From Your Own Backyard,Mango Media
Crazy for Kanji: A Student's Guide to the Wonderful World of Japanese Characters,Crazy for Kanji: A Student's Guide to the Wonderful World of Japanese Characters,Stone Bridge Press
Create Graphical User Interfaces with Python,Create Graphical User Interfaces with Python,Raspberry Pi Press
Create Your Life Book,Create Your Life Book,The Quarto Group
Creating A Drama-Free Workplace,Creating A Drama-Free Workplace,Red Wheel/Weiser
Creating an Information Security Program from Scratch,Creating an Information Security Program from Scratch,Taylor & Francis Group
Creating Apps with React Native,Creating Apps with React Native,Springer
Creating Augmented Virtual Realities,Creating Augmented Virtual Realities,O'Reilly
"Creating Autonomous Vehicle Systems, Second Edition","Creating Autonomous Vehicle Systems, Second Edition",Morgan & Claypool Publishers
Creating Really Awesome Free Things,Creating Really Awesome Free Things,Simon & Schuster
Creative Cooking for One or Two,Creative Cooking for One or Two,Skyhorse Publishing
Creative Cosplay: Selecting & Sewing Costumes Way Beyond Basic,Creative Cosplay: Selecting & Sewing Costumes Way Beyond Basic,C&T Publishing
"Creative, Inc.: The Ultimate Guide to Running a Successful Freelance Business","Creative, Inc.: The Ultimate Guide to Running a Successful Freelance Business",Chronicle Books
"Creative, Not Famous","Creative, Not Famous",Microcosm
Creative Projects with Cosplayflex,Creative Projects with Cosplayflex,Folkenstal
Creators of Intelligence,Creators of Intelligence,Packt
Crime of the Century,Crime of the Century,Skyhorse Publishing
Crimes and Mathdemeanors,Crimes and Mathdemeanors,Taylor & Francis Group
Critical Play: Radical Game Design,Critical Play: Radical Game Design,MIT Press
Critical Thinking,Critical Thinking,Penguin Random House US
Crochet Amigurumi For Every Occasion: 21 Easy Projects to Celebrate Life's Happy Moments (The Woobles Crochet),Crochet Amigurumi For Every Occasion: 21 Easy Projects to Celebrate Life's Happy Moments (The Woobles Crochet),Insight Editions
Crochet Animal Blankets And Blocks,Crochet Animal Blankets And Blocks,Open Road Media
Crochet Animal Rugs,Crochet Animal Rugs,Open Road Media
Crochet Animal Slippers,Crochet Animal Slippers,Open Road Media
Crochet Donut Buddies,Crochet Donut Buddies,Open Road Media
Crochet Every Way Stitch Dictionary: 125 Essential Stitches to Crochet in Three Ways,Crochet Every Way Stitch Dictionary: 125 Essential Stitches to Crochet in Three Ways,Abrams Books
Crochet Iconic Women,Crochet Iconic Women,Open Road Media
Crochet Ragdolls,Crochet Ragdolls,Open Road Media
Crochet You!,Crochet You!,Open Road Media
Crochet Zodiac Dolls,Crochet Zodiac Dolls,Open Road Media
Crossroad: A Novel,Crossroad: A Novel,Penguin Random House US
"Cross-Site Scripting Attacks: Classification, Attack, and Countermeasures","Cross-Site Scripting Attacks: Classification, Attack, and Countermeasures",Taylor & Francis Group
Crunch Time: How to Be Your Best When It Matters Most,Crunch Time: How to Be Your Best When It Matters Most,Berrett Koehler
Cryptic Crosswords For Dummies,Cryptic Crosswords For Dummies,Wiley
Cryptography Apocalypse: Preparing for the Day When Quantum Computing Breaks Today's Crypto,Cryptography Apocalypse: Preparing for the Day When Quantum Computing Breaks Today's Crypto,Wiley
Cryptography Engineering: Design Principles and Practical Applications,Cryptography Engineering: Design Principles and Practical Applications,Wiley
CSS in Depth,CSS in Depth,Manning Publications
"CSS Master, 3rd Edition","CSS Master, 3rd Edition",SitePoint
CSS Pocket Reference,CSS Pocket Reference,O'Reilly
CSS: The Definitive Guide,CSS: The Definitive Guide,O'Reilly
Cuddle Buddies Animal Softie Pattern,Cuddle Buddies Animal Softie Pattern,Open Road Media
"Culpeper's Complete Herbal: A Compendium of Herbs and Their Uses, Annotated for Modern Herbalists, Healers, and Witches","Culpeper's Complete Herbal: A Compendium of Herbs and Their Uses, Annotated for Modern Herbalists, Healers, and Witches",Microcosm
Custom PC #207,Custom PC #207,Raspberry Pi Press
Custom PC #208,Custom PC #208,Raspberry Pi Press
Custom PC #209,Custom PC #209,Raspberry Pi Press
Custom PC #210,Custom PC #210,Raspberry Pi Press
Custom PC #211,Custom PC #211,Raspberry Pi Press
Custom PC #212,Custom PC #212,Raspberry Pi Press
Custom PC #213,Custom PC #213,Raspberry Pi Press
Custom PC #214,Custom PC #214,Raspberry Pi Press
Custom PC #215,Custom PC #215,Raspberry Pi Press
Custom PC #216,Custom PC #216,Raspberry Pi Press
Custom PC #217,Custom PC #217,Raspberry Pi Press
Custom PC #218,Custom PC #218,Raspberry Pi Press
Custom PC #219,Custom PC #219,Raspberry Pi Press
Custom Shawls for the Curious and Creative Knitter,Custom Shawls for the Curious and Creative Knitter,Abrams Books
Cut Me In,Cut Me In,Titan Publishing Group
Cyber Minds,Cyber Minds,Packt
"Cyber Warfare - Truth, Tactics, and Strategies","Cyber Warfare - Truth, Tactics, and Strategies",Packt
Cybersecurity - Attack and Defense Strategies,Cybersecurity - Attack and Defense Strategies,Packt
Cybersecurity A Self-Teaching Introduction,Cybersecurity A Self-Teaching Introduction,"Walter De Gruyter, Inc."
Cybersecurity and Third-Party Risk: Third Party Threat Hunting,Cybersecurity and Third-Party Risk: Third Party Threat Hunting,Wiley
Cybersecurity Attacks‚ AI Red Team Strategies,Cybersecurity Attacks‚ AI Red Team Strategies,Packt
Cybersecurity Blue Team Toolkit,Cybersecurity Blue Team Toolkit,Wiley
Cybersecurity Career Master Plan,Cybersecurity Career Master Plan,Packt
Cybersecurity Lessons from CoVID-19,Cybersecurity Lessons from CoVID-19,Taylor & Francis Group
Cybersecurity Ops with bash,Cybersecurity Ops with bash,O'Reilly
"Cyber-Security Threats, Actors, and Dynamic Mitigation","Cyber-Security Threats, Actors, and Dynamic Mitigation",Taylor & Francis Group
"Cybersecurity Threats, Malware Trends, and Strategies","Cybersecurity Threats, Malware Trends, and Strategies",Packt
CyRM: Mastering the Management of Cybersecurity,CyRM: Mastering the Management of Cybersecurity,Taylor & Francis Group
D3 for the Impatient,D3 for the Impatient,O'Reilly
D3.js in Action,D3.js in Action,Manning Publications
Dad's Book Of Awesome Projects,Dad's Book Of Awesome Projects,Simon & Schuster
Dad's Book Of Awesome Recipes,Dad's Book Of Awesome Recipes,Simon & Schuster
Dad’s Book of Awesome Science Experiments,Dad’s Book of Awesome Science Experiments,Simon & Schuster
The Daily Cocktail,The Daily Cocktail,The Quarto Group
Dancing with Python,Dancing with Python,Packt
Dare to Serve,Dare to Serve,Berrett Koehler
Dark Night in Aurora,Dark Night in Aurora,Skyhorse Publishing
Dark Turns: A Novel,Dark Turns: A Novel,Penguin Random House US
Data Analysis for Business Decisions 2E,Data Analysis for Business Decisions 2E,"Walter De Gruyter, Inc."
Data Analysis for Business Decisions Second Edition,Data Analysis for Business Decisions Second Edition,"Walter De Gruyter, Inc."
Data Analysis for the Life Sciences with R,Data Analysis for the Life Sciences with R,Taylor & Francis Group
Data Analytics: Systems Engineering • Cybersecurity • Project Management,Data Analytics: Systems Engineering • Cybersecurity • Project Management,"Walter De Gruyter, Inc."
Data Analytics: Systems-Cybersecurity-Data Management,Data Analytics: Systems-Cybersecurity-Data Management,"Walter De Gruyter, Inc."
Data Augmentation with Python,Data Augmentation with Python,Packt
Data Classification,Data Classification,Taylor & Francis Group
Data Cleaning Pocket Primer,Data Cleaning Pocket Primer,"Walter De Gruyter, Inc."
Data Clustering,Data Clustering,Taylor & Francis Group
Data Engineering Best Practices,Data Engineering Best Practices,Packt
Data Engineering with AWS,Data Engineering with AWS,Packt
Data Engineering with Databricks Cookbook,Data Engineering with Databricks Cookbook,Packt
Data Engineering with dbt,Data Engineering with dbt,Packt
Data Engineering with Google Cloud Platform,Data Engineering with Google Cloud Platform,Packt
Data Engineering with Google Cloud Platform 2E,Data Engineering with Google Cloud Platform 2E,Packt
Data Engineering with Python,Data Engineering with Python,Packt
Data Engineering with Scala and Spark,Data Engineering with Scala and Spark,Packt
Data Fluency: Empowering Your Organization with Effective Data Communication,Data Fluency: Empowering Your Organization with Effective Data Communication,Wiley
Data Governance Handbook,Data Governance Handbook,Packt
Data Literacy in Practice,Data Literacy in Practice,Packt
Data Modeling with Snowflake,Data Modeling with Snowflake,Packt
Data Observability for Data Engineering,Data Observability for Data Engineering,Packt
Data Points: Visualization That Means Something,Data Points: Visualization That Means Something,Wiley
Data Science Essentials in Python,Data Science Essentials in Python,Pragmatic Programmers
Data Science for IoT Engineers,Data Science for IoT Engineers,"Walter De Gruyter, Inc."
Data Science Foundations: Geometry,Data Science Foundations: Geometry,Taylor & Francis Group
"Data Science from Scratch, 2nd Edition","Data Science from Scratch, 2nd Edition",O'Reilly
Data Science Fundamentals Pocket Primer,Data Science Fundamentals Pocket Primer,"Walter De Gruyter, Inc."
Data Science Projects with Python,Data Science Projects with Python,Packt
Data Science Tools,Data Science Tools,"Walter De Gruyter, Inc."
Data Science with Machine Learning - Python,Data Science with Machine Learning - Python,Richdale Ventures
Data Structures and Program Design Using Java,Data Structures and Program Design Using Java,"Walter De Gruyter, Inc."
Data Structures and Program Design Using Python,Data Structures and Program Design Using Python,"Walter De Gruyter, Inc."
Data Visualization For Business Decisions 3/E,Data Visualization For Business Decisions 3/E,"Walter De Gruyter, Inc."
Data Visualization Made Simple: Insights into Becoming Visual,Data Visualization Made Simple: Insights into Becoming Visual,Taylor & Francis Group
"Data Visualization: Principles and Practice, Second Edition","Data Visualization: Principles and Practice, Second Edition",Taylor & Francis Group
Data Visualization with Excel Dashboards and Reports,Data Visualization with Excel Dashboards and Reports,Wiley
Data Visualization with Python & JavaScript,Data Visualization with Python & JavaScript,O'Reilly
Data Wrangling with JavaScript,Data Wrangling with JavaScript,Manning Publications
Database Design and Modeling with Google Cloud,Database Design and Modeling with Google Cloud,Packt
DATABASE PERFORMANCE AT SCALE,DATABASE PERFORMANCE AT SCALE,Springer
Database Reliability Engineering,Database Reliability Engineering,O'Reilly
Database Security,Database Security,"Walter De Gruyter, Inc."
Database-Driven Web Development,Database-Driven Web Development,Springer
Databricks Certified Associate Developer for Apache Spark Using Python,Databricks Certified Associate Developer for Apache Spark Using Python,Packt
Data-Driven Storytelling,Data-Driven Storytelling,Taylor & Francis Group
Data-Intensive Text Processing with MapReduce,Data-Intensive Text Processing with MapReduce,Morgan & Claypool Publishers
Data-Oriented Programming: Reduce software complexity,Data-Oriented Programming: Reduce software complexity,Manning Publications
"Dating Sucks, But You Don't","Dating Sucks, But You Don't",Simon & Schuster
Day Trading 101,Day Trading 101,Simon & Schuster
Dead Street,Dead Street,Titan Publishing Group
Deadly Beloved,Deadly Beloved,Titan Publishing Group
Dealing with Data Pocket Primer,Dealing with Data Pocket Primer,"Walter De Gruyter, Inc."
Dear Data,Dear Data,Chronicle Books
Death in the Islands,Death in the Islands,Skyhorse Publishing
The Death-Defying 'Devil (Vol. 2) #1,The Death-Defying 'Devil (Vol. 2) #1,Dynamite Entertainment
Debt 101,Debt 101,Simon & Schuster
Debt Escape Plan,Debt Escape Plan,Career Press
Deck Ideas You Can Use - Updated Edition: Stunning Designs & Fantastic Features for Your Dream Deck,Deck Ideas You Can Use - Updated Edition: Stunning Designs & Fantastic Features for Your Dream Deck,The Quarto Group
Decluttering For Dummies,Decluttering For Dummies,Wiley
Decoupled Django,Decoupled Django,Springer
Deep Learning: A Visual Approach,Deep Learning: A Visual Approach,No Starch Press
Deep Learning and the Game of Go,Deep Learning and the Game of Go,Manning Publications
Deep Learning and XAI Techniques for Anomaly Detection,Deep Learning and XAI Techniques for Anomaly Detection,Packt
Deep Learning Approaches to Text Production,Deep Learning Approaches to Text Production,Morgan & Claypool Publishers
Deep Learning Cookbook,Deep Learning Cookbook,O'Reilly
Deep Learning for Genomics,Deep Learning for Genomics,Packt
Deep Learning from Scratch,Deep Learning from Scratch,O'Reilly
Deep Learning Illustrated,Deep Learning Illustrated,Pearson
"Deep Learning Systems: Algorithms, Compilers, and Processors for Large-Scale Production","Deep Learning Systems: Algorithms, Compilers, and Processors for Large-Scale Production",Morgan & Claypool Publishers
Deep Learning with TensorFlow and Keras - Third Edition,Deep Learning with TensorFlow and Keras - Third Edition,Packt
Deep Reinforcement Learning Hands-On,Deep Reinforcement Learning Hands-On,Packt
Deep Reinforcement Learning with Python,Deep Reinforcement Learning with Python,Packt
Deezify's Epic Workout Handbook,Deezify's Epic Workout Handbook,Simon & Schuster
The Definitive Guide to Data Integration,The Definitive Guide to Data Integration,Packt
The Definitive Guide to Jakarta Faces in Jakarta EE 10,The Definitive Guide to Jakarta Faces in Jakarta EE 10,Springer
Delish 13x9,Delish 13x9,Hearst Specials
Delish Air Fryer Made Easy,Delish Air Fryer Made Easy,Hearst Specials
Delish Breakfast & Brunch,Delish Breakfast & Brunch,Penguin Random House US
Delish Chicken Dinners,Delish Chicken Dinners,Penguin Random House US
Delish Cookouts + Campfires,Delish Cookouts + Campfires,Penguin Random House US
Delish Holiday Cookies,Delish Holiday Cookies,Hearst Specials
Delish Keto Comfort Foods,Delish Keto Comfort Foods,Hearst Specials
Delish Keto Made Easy,Delish Keto Made Easy,Hearst Specials
Delish Super Easy Soups,Delish Super Easy Soups,Hearst Specials
Delish Totally Stress-Free Everyday Dinners,Delish Totally Stress-Free Everyday Dinners,Penguin Random House US
Delish Ultimate Cocktails,Delish Ultimate Cocktails,Penguin Random House US
Demystifying Artificial Intelligence,Demystifying Artificial Intelligence,Richdale Ventures
Denmark [DEN],Denmark [DEN],Lonely Planet
Deploying to OpenShift,Deploying to OpenShift,O'Reilly
"Design Elements, Color Fundamentals","Design Elements, Color Fundamentals",The Quarto Group
"Design Elements, Typography Fundamentals","Design Elements, Typography Fundamentals",The Quarto Group
Design for CNC,Design for CNC,O'Reilly
Design for Hackers: Reverse Engineering Beauty,Design for Hackers: Reverse Engineering Beauty,Wiley
Design for Information,Design for Information,The Quarto Group
Design for the Mind,Design for the Mind,Manning Publications
Design of Web APIs,Design of Web APIs,Manning Publications
Design Patterns for Cloud Native Applications,Design Patterns for Cloud Native Applications,O'Reilly
Design: Portfolio,Design: Portfolio,The Quarto Group
Design School Wisdom,Design School Wisdom,Chronicle Books
The Designer Says,The Designer Says,Chronicle Books
Designing Brand Identity: An Essential Guide,Designing Brand Identity: An Essential Guide,Wiley
Designing BSD Rootkits: An Introduction to Kernel Hacking,Designing BSD Rootkits: An Introduction to Kernel Hacking,No Starch Press
Designing Distributed Systems,Designing Distributed Systems,O'Reilly
Designing Elixir Systems with OTP,Designing Elixir Systems with OTP,Pragmatic Programmers
Designing for the Digital Age: How to Create Human-Centered Products and Services,Designing for the Digital Age: How to Create Human-Centered Products and Services,Wiley
Designing Information: Human Factors and Common Sense in Information Design,Designing Information: Human Factors and Common Sense in Information Design,Wiley
Designing Search: UX Strategies for eCommerce Success,Designing Search: UX Strategies for eCommerce Success,Wiley
Designing the Internet of Things,Designing the Internet of Things,Wiley
Designing Web APIs,Designing Web APIs,O'Reilly
Dessert of the Day,Dessert of the Day,Weldon Owen
Detecting Fake News on Social Media,Detecting Fake News on Social Media,Morgan & Claypool Publishers
Developer's Dilemma: The Secret World of Videogame Creators,Developer's Dilemma: The Secret World of Videogame Creators,Penguin Random House US
"DevOps Adoption Strategies: Principles, Processes, Tools, and Trends","DevOps Adoption Strategies: Principles, Processes, Tools, and Trends",Packt
DevOps Culture and Practice with OpenShift,DevOps Culture and Practice with OpenShift,Packt
DevOps for the Desperate,DevOps for the Desperate,No Starch Press
DevOps Paradox,DevOps Paradox,Packt
Digital Design Essentials,Digital Design Essentials,The Quarto Group
Digital Forensics and Incident Response,Digital Forensics and Incident Response,Packt
The Digital Shopfloor: Industrial Automation in the Industry 4.0 Era,The Digital Shopfloor: Industrial Automation in the Industry 4.0 Era,River Publishers
Digital Signal Processing,Digital Signal Processing,"Walter De Gruyter, Inc."
Dimensional Analysis for Unit Conversions Using MATLAB,Dimensional Analysis for Unit Conversions Using MATLAB,"Walter De Gruyter, Inc."
Direct Energy Conversion Technologies,Direct Energy Conversion Technologies,"Walter De Gruyter, Inc."
Discrete Distributions in Engineering and the Applied Sciences,Discrete Distributions in Engineering and the Applied Sciences,Morgan & Claypool Publishers
Discrete Mathematics with Cryptographic Applications,Discrete Mathematics with Cryptographic Applications,"Walter De Gruyter, Inc."
Dish of the Day,Dish of the Day,Weldon Owen
"Displaying Time Series, Spatial And Space-Time Data with R 2e","Displaying Time Series, Spatial And Space-Time Data with R 2e",Taylor & Francis Group
"Distributed Denial of Service (DDoS) Attacks: Classification, Attacks, Challenges and Countermeasures","Distributed Denial of Service (DDoS) Attacks: Classification, Attacks, Challenges and Countermeasures",Taylor & Francis Group
Distributed Systems with Node.js,Distributed Systems with Node.js,O'Reilly
Distributed Tracing in Practice,Distributed Tracing in Practice,O'Reilly
Dive Into Algorithms: A Pythonic Adventure for the Intrepid Beginner,Dive Into Algorithms: A Pythonic Adventure for the Intrepid Beginner,No Starch Press
"DIY Dog Grooming, From Puppy Cuts to Best in Show: Everything You Need to Know, Step by Step","DIY Dog Grooming, From Puppy Cuts to Best in Show: Everything You Need to Know, Step by Step",The Quarto Group
Django 3 By Example,Django 3 By Example,Packt
Django for APIs,Django for APIs,willvincent
Django for Beginners,Django for Beginners,willvincent
Django for Professionals,Django for Professionals,willvincent
"DNS & Bind, 5th Edition","DNS & Bind, 5th Edition",O'Reilly
Docker Certified Associate (DCA): Exam Guide,Docker Certified Associate (DCA): Exam Guide,Packt
Docker Cookbook,Docker Cookbook,O'Reilly
Docker for Developers,Docker for Developers,Packt
The Docker Workshop,The Docker Workshop,Packt
Docs for Developers,Docs for Developers,Springer
Dog Training 101: Step-by-Step Instructions for raising a happy well-behaved dog,Dog Training 101: Step-by-Step Instructions for raising a happy well-behaved dog,The Quarto Group
"Doing Math with Python: Use Programming to Explore Algebra, Statistics, Calculus, and More!","Doing Math with Python: Use Programming to Explore Algebra, Statistics, Calculus, and More!",No Starch Press
Domain Modeling Made Functional,Domain Modeling Made Functional,Pragmatic Programmers
Domain-Driven Laravel,Domain-Driven Laravel,Springer
Don't Retire Broke,Don't Retire Broke,Red Wheel/Weiser
The Dots and Boxes Game: Sophisticated Child's Play,The Dots and Boxes Game: Sophisticated Child's Play,Taylor & Francis Group
Double Cross,Double Cross,Skyhorse Publishing
Dr. Feelgood,Dr. Feelgood,Skyhorse Publishing
Dreamland Japan: Writings on Modern Manga,Dreamland Japan: Writings on Modern Manga,Stone Bridge Press
"Drink Like a Geek: Cocktails, Brews, and Spirits for the Nerd in All of Us","Drink Like a Geek: Cocktails, Brews, and Spirits for the Nerd in All of Us",Mango Media
Driving Data Quality with Data Contracts,Driving Data Quality with Data Contracts,Packt
Driving DevOps with Value Stream Management,Driving DevOps with Value Stream Management,Packt
Dumplings for Beginners,Dumplings for Beginners,Callisto Publishing
Dungeon Master For Dummies,Dungeon Master For Dummies,Wiley
Dungeons and Dragons 4th Edition For Dummies,Dungeons and Dragons 4th Edition For Dummies,Wiley
"Dynamic Reteaming, 2E","Dynamic Reteaming, 2E",O'Reilly
Ears and Tails for Cosplay,Ears and Tails for Cosplay,Kinpatsu Cosplay
EarthBound,EarthBound,Boss Fight Books
Easy and Fun Hiragana: First Steps to Basic Japanese Writing,Easy and Fun Hiragana: First Steps to Basic Japanese Writing,Stone Bridge Press
Easy and Fun Katakana: Basic Japanese Writing for Loanwords and Emphasis,Easy and Fun Katakana: Basic Japanese Writing for Loanwords and Emphasis,Stone Bridge Press
Easy Asian Cookbook,Easy Asian Cookbook,Callisto Publishing
The Easy Creole and Cajun Cookbook,The Easy Creole and Cajun Cookbook,Callisto Publishing
Easy Crochet Dishcloths,Easy Crochet Dishcloths,Open Road Media
Easy Electronics,Easy Electronics,O'Reilly
The Easy Filipino Cookbook,The Easy Filipino Cookbook,Callisto Publishing
Easy German Cookbook,Easy German Cookbook,Callisto Publishing
The Easy Italian Cookbook,The Easy Italian Cookbook,Callisto Publishing
Easy Portuguese Cookbook,Easy Portuguese Cookbook,Callisto Publishing
The Easy Puerto Rican Cookbook,The Easy Puerto Rican Cookbook,Callisto Publishing
Easy Soups from Scratch with Quick Breads to Match: 70 Recipes to Pair and Share,Easy Soups from Scratch with Quick Breads to Match: 70 Recipes to Pair and Share,Chronicle Books
Easy Spanish Cookbook,Easy Spanish Cookbook,Callisto Publishing
"Eat Skinny, Be Skinny","Eat Skinny, Be Skinny",Skyhorse Publishing
Eat Your Way Healthy at Trader Joe's Cookbook,Eat Your Way Healthy at Trader Joe's Cookbook,Skyhorse Publishing
Eat Your Words: The Definitive Dictionary for the Discerning Diner,Eat Your Words: The Definitive Dictionary for the Discerning Diner,Mango Media
"Eating Across America: A Foodie's Guide to Food Trucks, Street Food and the Best Dish in Each State","Eating Across America: A Foodie's Guide to Food Trucks, Street Food and the Best Dish in Each State",Mango Media
Eating the Bible,Eating the Bible,Skyhorse Publishing
Eating Well to Win: Inspired Living Through Inspired Cooking,Eating Well to Win: Inspired Living Through Inspired Cooking,Mango Media
ebook,ebook,O'Reilly
Echoes of the Fall: An Earl Marcus Mystery,Echoes of the Fall: An Earl Marcus Mystery,Penguin Random House US
Econometrics in Practice,Econometrics in Practice,"Walter De Gruyter, Inc."
Economics 101,Economics 101,Simon & Schuster
Edwardian Cooking,Edwardian Cooking,Skyhorse Publishing
Edward's Menagerie,Edward's Menagerie,Open Road Media
"Eff This! Meditation: 108 Tips, Tricks, and Ideas for When You're Feeling Anxious, Stressed Out, or Overwhelmed","Eff This! Meditation: 108 Tips, Tricks, and Ideas for When You're Feeling Anxious, Stressed Out, or Overwhelmed",The Quarto Group
Effective Apology,Effective Apology,Berrett Koehler
Effective awk Programming,Effective awk Programming,O'Reilly
Effective C,Effective C,No Starch Press
Effective DevOps,Effective DevOps,O'Reilly
Effective Software Testing: A developer's guide,Effective Software Testing: A developer's guide,Manning Publications
Efficient Cloud FinOps,Efficient Cloud FinOps,Packt
The Electric Pressure Cooker Curry Cookbook,The Electric Pressure Cooker Curry Cookbook,Callisto Publishing
Electrical Engineering Exam Prep,Electrical Engineering Exam Prep,"Walter De Gruyter, Inc."
Electrical Engineering Experiments,Electrical Engineering Experiments,"Walter De Gruyter, Inc."
Electricity for Young Makers,Electricity for Young Makers,O'Reilly
Electron in Action,Electron in Action,Manning Publications
Electronic Skin: Sensors and Systems,Electronic Skin: Sensors and Systems,River Publishers
Electronics For Dummies,Electronics For Dummies,Wiley
Electronics Projects For Dummies,Electronics Projects For Dummies,Wiley
Elegant Pie,Elegant Pie,Open Road Media
Elegant Pitch,Elegant Pitch,Red Wheel/Weiser
Elegant SciPy,Elegant SciPy,O'Reilly
Elevated Communicator,Elevated Communicator,Simon & Schuster
Elevating React Web Development with Gatsby,Elevating React Web Development with Gatsby,Packt
Eloquent JavaScript 3rd Edition,Eloquent JavaScript 3rd Edition,No Starch Press
The Elusive Shift,The Elusive Shift,Penguin Random House US
Embracing DevOps Release Management:,Embracing DevOps Release Management:,Packt
The Emergency Survival Manual,The Emergency Survival Manual,Weldon Owen
Emerging Security Algorithms and Techniques,Emerging Security Algorithms and Techniques,Taylor & Francis Group
The Emotional Abuse Recovery Workbook,The Emotional Abuse Recovery Workbook,Callisto Publishing
Empirical Cloud Security,Empirical Cloud Security,"Walter De Gruyter, Inc."
Enabling Microservice Success,Enabling Microservice Success,O'Reilly
"Enabling Technologies for the Internet of Things: Wireless Circuits, Systems and Networks","Enabling Technologies for the Internet of Things: Wireless Circuits, Systems and Networks",River Publishers
Encyclopedia Job Winning Resumes,Encyclopedia Job Winning Resumes,Career Press
"The Encyclopedia of Electronic Components: Power Sources & Conversion, Vol. 1","The Encyclopedia of Electronic Components: Power Sources & Conversion, Vol. 1",O'Reilly
The Encyclopedia of Electronic Components: Vol. 2: Signal Processing,The Encyclopedia of Electronic Components: Vol. 2: Signal Processing,O'Reilly
"Encyclopedia of Electronic Components, Vol. 3: Sensors","Encyclopedia of Electronic Components, Vol. 3: Sensors",O'Reilly
The Encyclopedia of Sandwiches,The Encyclopedia of Sandwiches,Quirk Books
"The Enduring Legacy of Portland's Black Panthers: The Roots of Free Healthcare, Free Breakfast, and Neighborhood Control in Oregon","The Enduring Legacy of Portland's Black Panthers: The Roots of Free Healthcare, Free Breakfast, and Neighborhood Control in Oregon",Microcosm
Engineering Agile Big-Data Systems,Engineering Agile Big-Data Systems,River Publishers
Engineering Thermodynamics,Engineering Thermodynamics,"Walter De Gruyter, Inc."
English Lit 101,English Lit 101,Simon & Schuster
Enterprise Application Development with C# 10 and .NET 6 - 2nd Edition,Enterprise Application Development with C# 10 and .NET 6 - 2nd Edition,Packt
Enterprise Augmented Reality Projects,Enterprise Augmented Reality Projects,Packt
Enterprise Level Security 2: Advanced Techniques for Information Technology in an Uncertain World,Enterprise Level Security 2: Advanced Techniques for Information Technology in an Uncertain World,Taylor & Francis Group
Environmental Monitoring with Arduino,Environmental Monitoring with Arduino,O'Reilly
Epic Air Fryer Cookbook,Epic Air Fryer Cookbook,The Quarto Group
Epic Expeditions,Epic Expeditions,The Quarto Group
Epochs Of Chinese And Japanese Art,Epochs Of Chinese And Japanese Art,Stone Bridge Press
Epstein,Epstein,Skyhorse Publishing
Espionage,Espionage,Penguin Random House US
The Esquire Guide to Bodyweight Training: Calisthenics to Look and Feel Your Best from the Boardroom to the Bedroom,The Esquire Guide to Bodyweight Training: Calisthenics to Look and Feel Your Best from the Boardroom to the Bedroom,Callisto Publishing
Essential Chinese Hot Pot Cookbook,Essential Chinese Hot Pot Cookbook,Callisto Publishing
The Essential Cook's Kitchen,The Essential Cook's Kitchen,The Quarto Group
Essential Fashion Illustration: Digital,Essential Fashion Illustration: Digital,The Quarto Group
THE ESSENTIAL GUIDE TO HTML5,THE ESSENTIAL GUIDE TO HTML5,Springer
"The Essential Guide to User Interface Design, Third Edition: An Introduction to GUI Design Principle","The Essential Guide to User Interface Design, Third Edition: An Introduction to GUI Design Principle",Wiley
The Essential Jewish Baking Cookbook,The Essential Jewish Baking Cookbook,Callisto Publishing
The Essential Jewish Cookbook,The Essential Jewish Cookbook,Callisto Publishing
The Essential Middle Eastern Cookbook,The Essential Middle Eastern Cookbook,Callisto Publishing
The Essential Pandemic Survival Guide,The Essential Pandemic Survival Guide,Weldon Owen
Essential Pranayama,Essential Pranayama,Callisto Publishing
Essential Principles for Autonomous Robotics,Essential Principles for Autonomous Robotics,Morgan & Claypool Publishers
Essential Social Media Marketing Handbook,Essential Social Media Marketing Handbook,Career Press
The Essential South Indian Cookbook,The Essential South Indian Cookbook,Callisto Publishing
Essential Sports Nutrition,Essential Sports Nutrition,Callisto Publishing
Essential Strategies for Social Anxiety,Essential Strategies for Social Anxiety,Callisto Publishing
Essential TypeScript 4,Essential TypeScript 4,Springer
The Essential Vegan Indian Cookbook,The Essential Vegan Indian Cookbook,Callisto Publishing
The Essential Vegetarian Indian Cookbook,The Essential Vegetarian Indian Cookbook,Callisto Publishing
"Essentials of Applied Mathematics for Engineers and Scientists, Second Edition","Essentials of Applied Mathematics for Engineers and Scientists, Second Edition",Morgan & Claypool Publishers
The Essentials of Data Science,The Essentials of Data Science,Taylor & Francis Group
Essentials of Game Theory: A Concise Multidisciplinary Introduction,Essentials of Game Theory: A Concise Multidisciplinary Introduction,Morgan & Claypool Publishers
"Essentials of Modern Algebra, Second Edition","Essentials of Modern Algebra, Second Edition","Walter De Gruyter, Inc."
Ethics 101,Ethics 101,Simon & Schuster
"Even Cowbots Get Blue Balls: Queer, Smutty Stories (Queering Consent)","Even Cowbots Get Blue Balls: Queer, Smutty Stories (Queering Consent)",Microcosm
"Everyday Herbal Teamaking: A Pocket Guide for Health, Fun, and Self-Care","Everyday Herbal Teamaking: A Pocket Guide for Health, Fun, and Self-Care",Microcosm
Everyday Meat Guide,Everyday Meat Guide,Chronicle Books
Everyday Slow Cooking,Everyday Slow Cooking,Weldon Owen
Everyday Stress Relief,Everyday Stress Relief,Callisto Publishing
Everything Aquarium Book,Everything Aquarium Book,Simon & Schuster
Everything Big Book Of Party Games,Everything Big Book Of Party Games,Simon & Schuster
Everything Card Games Book,Everything Card Games Book,Simon & Schuster
Everything Card Tricks Book,Everything Card Tricks Book,Simon & Schuster
Everything Kids' Astronomy Book,Everything Kids' Astronomy Book,Simon & Schuster
Everything Kids' Baseball Book,Everything Kids' Baseball Book,Simon & Schuster
Everything Kids' Basketball Book,Everything Kids' Basketball Book,Simon & Schuster
Everything Kids' Book Of Outrageous Facts,Everything Kids' Book Of Outrageous Facts,Simon & Schuster
"Everything Kids' Cookbook, Updated Edition","Everything Kids' Cookbook, Updated Edition",Simon & Schuster
Everything Kids' Dinosaurs Book,Everything Kids' Dinosaurs Book,Simon & Schuster
Everything Kids' Easy Science Experiments Book,Everything Kids' Easy Science Experiments Book,Simon & Schuster
Everything Kids' Football Book,Everything Kids' Football Book,Simon & Schuster
Everything Kids' Geography Book,Everything Kids' Geography Book,Simon & Schuster
"Everything Kids' Giant Book Of Jokes, Riddles, And Brain Teasers","Everything Kids' Giant Book Of Jokes, Riddles, And Brain Teasers",Simon & Schuster
Everything Kids' Human Body Book,Everything Kids' Human Body Book,Simon & Schuster
Everything Kids' Magical Science Experiments Book,Everything Kids' Magical Science Experiments Book,Simon & Schuster
Everything Kids' Money Book,Everything Kids' Money Book,Simon & Schuster
Everything Kids' Nature Book,Everything Kids' Nature Book,Simon & Schuster
Everything Kids' Science Experiments Book,Everything Kids' Science Experiments Book,Simon & Schuster
Everything Kids’ Scratch Coding Book,Everything Kids’ Scratch Coding Book,Simon & Schuster
Everything Kids' Soccer Book,Everything Kids' Soccer Book,Simon & Schuster
Everything Kids' Weather Book,Everything Kids' Weather Book,Simon & Schuster
Everything Tabletop Games Book,Everything Tabletop Games Book,Simon & Schuster
Evil,Evil,Skyhorse Publishing
Evil by Design: Interaction Design to Lead Us into Temptation,Evil by Design: Interaction Design to Lead Us into Temptation,Wiley
Excel 2019/365 Functions and Formulas Video Tutorials,Excel 2019/365 Functions and Formulas Video Tutorials,"Walter De Gruyter, Inc."
Excel 2019 Project Book,Excel 2019 Project Book,"Walter De Gruyter, Inc."
"Excel 2021 Functions and Formulas, Sixth Edition","Excel 2021 Functions and Formulas, Sixth Edition","Walter De Gruyter, Inc."
Excel Functions and Formulas 2019/365  Fifth Edition,Excel Functions and Formulas 2019/365  Fifth Edition,"Walter De Gruyter, Inc."
Excel Project Book,Excel Project Book,"Walter De Gruyter, Inc."
Experience Points,Experience Points,Microcosm
Expert Data Modeling with Power BI,Expert Data Modeling with Power BI,Packt
Expert Python Programming,Expert Python Programming,Packt
Expert Python Programming 4th Edition,Expert Python Programming 4th Edition,Packt
Exploring BeagleBone: Tools and Techniques for Building with Embedded Linux,Exploring BeagleBone: Tools and Techniques for Building with Embedded Linux,Wiley
Exploring GPT-3,Exploring GPT-3,Packt
"Exploring Kyoto, Revised Edition: On Foot in the Ancient Capital","Exploring Kyoto, Revised Edition: On Foot in the Ancient Capital",Stone Bridge Press
Exploring Raspberry Pi: Interfacing to the Real World with Embedded Linux,Exploring Raspberry Pi: Interfacing to the Real World with Embedded Linux,Wiley
Extending Power BI with Python and R,Extending Power BI with Python and R,Packt
Extra Bold,Extra Bold,Chronicle Books
The Extraordinary Power of Leader Humility,The Extraordinary Power of Leader Humility,Berrett Koehler
Extreme Crochet with Chunky Yarn,Extreme Crochet with Chunky Yarn,Open Road Media
The Extreme Weather Survival Manual,The Extreme Weather Survival Manual,Weldon Owen
Extremism,Extremism,Penguin Random House US
Eye Tracking and Visual Analytics,Eye Tracking and Visual Analytics,River Publishers
FABULOUS COSPLAY FOOTWEAR,FABULOUS COSPLAY FOOTWEAR,C&T Publishing
Fade To Blonde,Fade To Blonde,Titan Publishing Group
Fairytale Blankets to Crochet,Fairytale Blankets to Crochet,Open Road Media
Family Crests of Japan,Family Crests of Japan,Stone Bridge Press
#FashionVictim: A Novel,#FashionVictim: A Novel,Penguin Random House US
Fast & Fun Knits: Feel Good Projects to Make You Smile,Fast & Fun Knits: Feel Good Projects to Make You Smile,Open Road Media
Fast Start Advanced Calculus,Fast Start Advanced Calculus,Morgan & Claypool Publishers
Fast Start Differential Calculus,Fast Start Differential Calculus,Morgan & Claypool Publishers
Fast Start Integral Calculus,Fast Start Integral Calculus,Morgan & Claypool Publishers
The Fastest Bicycle Rider in the World: The True Story of America's First Black World Champion,The Fastest Bicycle Rider in the World: The True Story of America's First Black World Champion,Microcosm
F*Ck You Haiku,F*Ck You Haiku,Simon & Schuster
Feature Engineering for Machine Learning and Data Analytics,Feature Engineering for Machine Learning and Data Analytics,Taylor & Francis Group
Federated Learning,Federated Learning,Morgan & Claypool Publishers
Female Breastplate Pattern Collection 1,Female Breastplate Pattern Collection 1,Kamui Cosplay
Female Breastplate Pattern Collection 2,Female Breastplate Pattern Collection 2,Kamui Cosplay
Feng Shui: Reference to Go,Feng Shui: Reference to Go,Chronicle Books
"Ferment: A Guide to the Ancient Art of Culturing Foods, from Kombucha to Sourdough","Ferment: A Guide to the Ancient Art of Culturing Foods, from Kombucha to Sourdough",Chronicle Books
Fermenting For Dummies,Fermenting For Dummies,Wiley
Festive As F*ck: Subversive Cross-Stitch For the Holidays,Festive As F*ck: Subversive Cross-Stitch For the Holidays,Insight Editions
FIELD & STREAM OUTDOOR SURVIVAL GUIDE,FIELD & STREAM OUTDOOR SURVIVAL GUIDE,Weldon Owen
FIELD & STREAM SKILLS GUIDE: FISHING,FIELD & STREAM SKILLS GUIDE: FISHING,Weldon Owen
Field Guide to Cocktails,Field Guide to Cocktails,Quirk Books
Field Guide to Dumb Birds of North America,Field Guide to Dumb Birds of North America,Chronicle Books
Field Guide to Herbs & Spices,Field Guide to Herbs & Spices,Quirk Books
Field Guide to Meat,Field Guide to Meat,Quirk Books
Field Guide to Produce,Field Guide to Produce,Quirk Books
Field Guide to Seafood,Field Guide to Seafood,Quirk Books
Final Fantasy V,Final Fantasy V,Boss Fight Books
"Find Out Anything From Anyone, Anytime","Find Out Anything From Anyone, Anytime",Red Wheel/Weiser
Find Your F*ckyeah,Find Your F*ckyeah,Chronicle Books
Find Your Flow: The Simple and Life-Changing Practice for a Happier You,Find Your Flow: The Simple and Life-Changing Practice for a Happier You,The Quarto Group
"Find Your Glow, Feed Your Soul: A Guide for Cultivating a Vibrant Life of Peace & Purpose","Find Your Glow, Feed Your Soul: A Guide for Cultivating a Vibrant Life of Peace & Purpose",The Quarto Group
Find Your Mantra: Inspire and Empower Your Life with 75 Positive Affirmations,Find Your Mantra: Inspire and Empower Your Life with 75 Positive Affirmations,The Quarto Group
Finding Faeries,Finding Faeries,Simon & Schuster
Finding Paradise,Finding Paradise,Freebird Games Inc.
Finite Element Analysis: A Primer,Finite Element Analysis: A Primer,"Walter De Gruyter, Inc."
Fintech Fundamentals,Fintech Fundamentals,"Walter De Gruyter, Inc."
First Time Garment Fitting,First Time Garment Fitting,The Quarto Group
First Time Sewing,First Time Sewing,Open Road Media
First Words - Italian [rf-FWI],First Words - Italian [rf-FWI],Lonely Planet
First Words - Japanese [rf-FWJ],First Words - Japanese [rf-FWJ],Lonely Planet
First Words - Mandarin [rf-FWM],First Words - Mandarin [rf-FWM],Lonely Planet
First Words French,First Words French,Lonely Planet
First Words Spanish,First Words Spanish,Lonely Planet
First-Time Gardener: Growing Plants and Flowers,First-Time Gardener: Growing Plants and Flowers,The Quarto Group
First-Time Gardener: Growing Vegetables,First-Time Gardener: Growing Vegetables,The Quarto Group
First-Time Gardener: Raised Bed Gardening,First-Time Gardener: Raised Bed Gardening,The Quarto Group
Fish,Fish,The Quarto Group
"Fish & Shellfish, Grilled & Smoked","Fish & Shellfish, Grilled & Smoked",The Quarto Group
Fitness Over 40,Fitness Over 40,Callisto Publishing
Five Archetypes,Five Archetypes,Simon & Schuster
Five Lines of Code: How and when to refactor,Five Lines of Code: How and when to refactor,Manning Publications
Fix-It and Forget-It Big Cookbook,Fix-It and Forget-It Big Cookbook,Skyhorse Publishing
Flask Web Development,Flask Web Development,O'Reilly
Flight Science,Flight Science,"Walter De Gruyter, Inc."
Flour: A Baker's Collection of Spectacular Recipes,Flour: A Baker's Collection of Spectacular Recipes,Chronicle Books
"Flour, too","Flour, too",Chronicle Books
Flow Architectures,Flow Architectures,O'Reilly
Flowchart and Algorithm Basics,Flowchart and Algorithm Basics,"Walter De Gruyter, Inc."
Fluent Python,Fluent Python,O'Reilly
Flutter Cookbook,Flutter Cookbook,Packt
Flutter for Beginners,Flutter for Beginners,Packt
Flutter in Action,Flutter in Action,Manning Publications
Flutter Projects,Flutter Projects,Packt
"Foam Armor, Fast","Foam Armor, Fast",Punished Props
Foamsmith 2: How to Forge Foam Weapons,Foamsmith 2: How to Forge Foam Weapons,Punished Props
"Foamsmith 3: How to Make Helmets, Crowns, and Masks","Foamsmith 3: How to Make Helmets, Crowns, and Masks",Punished Props
Foamsmith: How to Create Foam Armor Costumes,Foamsmith: How to Create Foam Armor Costumes,Punished Props
Foil Pack Dinners,Foil Pack Dinners,Simon & Schuster
Food Americana: The Remarkable People and Incredible Stories behind America’s Favorite Dishes,Food Americana: The Remarkable People and Incredible Stories behind America’s Favorite Dishes,Mango Media
Food by Fire,Food by Fire,The Quarto Group
Food Network Magazine 25 Minute Dinners,Food Network Magazine 25 Minute Dinners,Hearst Specials
Food Network Magazine Best Pasta Dinners,Food Network Magazine Best Pasta Dinners,Hearst Specials
Food Network Magazine Chocolate Lover's Cookbook,Food Network Magazine Chocolate Lover's Cookbook,Penguin Random House US
Food Network Magazine Easy Baking,Food Network Magazine Easy Baking,Hearst Specials
Food Network Magazine Easy Chicken Dinners,Food Network Magazine Easy Chicken Dinners,Hearst Specials
Food Network Magazine Holiday Cookie Cookbook,Food Network Magazine Holiday Cookie Cookbook,Hearst Specials
Food Network Magazine Italian,Food Network Magazine Italian,Hearst Specials
Food Network Magazine One-Pan Dinners,Food Network Magazine One-Pan Dinners,Hearst Specials
Food Network Magazine Soups & Stews,Food Network Magazine Soups & Stews,Hearst Specials
Food Network Magazine Summer Pasta,Food Network Magazine Summer Pasta,Hearst Specials
Food Network Magazine: The Cupcake Cookbook,Food Network Magazine: The Cupcake Cookbook,Hearst Specials
Food Network Magazine: The Easy Grilling Cookbook,Food Network Magazine: The Easy Grilling Cookbook,Hearst Specials
The Food Revolution: How Your Diet Can Save Your Life and Our World,The Food Revolution: How Your Diet Can Save Your Life and Our World,Mango Media
Forbidden Knowledge,Forbidden Knowledge,Simon & Schuster
Forecasting Time Series Data with Prophet - Second Edition,Forecasting Time Series Data with Prophet - Second Edition,Packt
Forking Good,Forking Good,Quirk Books
Forrest Mims' Science Experiments,Forrest Mims' Science Experiments,O'Reilly
Forty-Seven Samurai,Forty-Seven Samurai,Stone Bridge Press
Foundation Gatsby Projects,Foundation Gatsby Projects,Springer
Foundational Python for Data Science,Foundational Python for Data Science,Pearson
Foundations of Data Intensive Applications: Large Scale Data Analytics under the Hood,Foundations of Data Intensive Applications: Large Scale Data Analytics under the Hood,Wiley
Foundations of Deep Reinforcement Learning,Foundations of Deep Reinforcement Learning,Pearson
"Foundations of Math:Alg,Trig,Geom, Calc","Foundations of Math:Alg,Trig,Geom, Calc","Walter De Gruyter, Inc."
Foundations of Physically Based Modeling and Animation,Foundations of Physically Based Modeling and Animation,Taylor & Francis Group
Foundations of Scalable Systems,Foundations of Scalable Systems,O'Reilly
France Country Guide,France Country Guide,Lonely Planet
Free Will,Free Will,Penguin Random House US
FreeBSD Device Drivers: A Guide for the Intrepid,FreeBSD Device Drivers: A Guide for the Intrepid,No Starch Press
Freehand: Sketching Tips and Tricks Drawn from Art,Freehand: Sketching Tips and Tricks Drawn from Art,Chronicle Books
French Cooking for Beginners,French Cooking for Beginners,Callisto Publishing
French Phrasebook,French Phrasebook,Lonely Planet
From Big Idea to Book,From Big Idea to Book,Microcosm
From Conflict to Community: Transforming Conflicts Without Authorities,From Conflict to Community: Transforming Conflicts Without Authorities,Microcosm
From Conflict to Courage,From Conflict to Courage,Berrett Koehler
From Dream to Reality: How to Make a Living as a Freelance Writer,From Dream to Reality: How to Make a Living as a Freelance Writer,Microcosm
From Mindfulness to Heartfulness: Transforming Self and Society with Compassion,From Mindfulness to Heartfulness: Transforming Self and Society with Compassion,Berrett Koehler
From Newton to Einstein: Ask the Physicist about Mechanics and Relativity,From Newton to Einstein: Ask the Physicist about Mechanics and Relativity,Morgan & Claypool Publishers
"Front-end Development with ASP.NET Core, Angular, and Bootstrap","Front-end Development with ASP.NET Core, Angular, and Bootstrap",Wiley
Frontiers of Data Science,Frontiers of Data Science,Taylor & Francis Group
Frugal Isn't Cheap,Frugal Isn't Cheap,Red Wheel/Weiser
Fuck Happiness: How Women Are Ditching the Cult of Positivity and Choosing Radical Joy,Fuck Happiness: How Women Are Ditching the Cult of Positivity and Choosing Radical Joy,Microcosm
Full Stack Development with Spring Boot and React,Full Stack Development with Spring Boot and React,Packt
"Full Stack FastAPI, React, and MongoDB","Full Stack FastAPI, React, and MongoDB",Packt
Full Stack Python Security,Full Stack Python Security,Manning Publications
Full Stack Quarkus and React,Full Stack Quarkus and React,Packt
Full-Stack React Projects - Second Edition,Full-Stack React Projects - Second Edition,Packt
"Full-Stack React, TypeScript, and Node","Full-Stack React, TypeScript, and Node",Packt
Full-Stack Web Development with GraphQL and React,Full-Stack Web Development with GraphQL and React,Packt
Functional Programming: A PragPub Anthology,Functional Programming: A PragPub Anthology,Pragmatic Programmers
Functional Programming Patterns in Scala and Clojure,Functional Programming Patterns in Scala and Clojure,Pragmatic Programmers
Functional Python Programming,Functional Python Programming,Packt
"Functional Web Development with Elixir, OTP, and Phoenix","Functional Web Development with Elixir, OTP, and Phoenix",Pragmatic Programmers
Fundamentals of Analytics Engineering,Fundamentals of Analytics Engineering,Packt
Fundamentals of Software Architecture,Fundamentals of Software Architecture,O'Reilly
Funny amigurumi,Funny amigurumi,Open Road Media
Galaga,Galaga,Boss Fight Books
"Game Development Patterns with Unity 2021, Second Edition","Game Development Patterns with Unity 2021, Second Edition",Packt
Game Wizards,Game Wizards,Penguin Random House US
Gardening Complete,Gardening Complete,The Quarto Group
Gardening Hacks,Gardening Hacks,Simon & Schuster
The Gaslighting Recovery Workbook,The Gaslighting Recovery Workbook,Callisto Publishing
Geek Sweets: An Adventurer's Guide to the World of Baking Wizardry,Geek Sweets: An Adventurer's Guide to the World of Baking Wizardry,Mango Media
Geek's Cookbook,Geek's Cookbook,Skyhorse Publishing
The Geeky Chef Cookbook,The Geeky Chef Cookbook,The Quarto Group
The Geeky Chef Drinks,The Geeky Chef Drinks,The Quarto Group
The Geeky Chef Strikes Back,The Geeky Chef Strikes Back,The Quarto Group
Gender(s),Gender(s),Penguin Random House US
General Video Game Artificial Intelligence,General Video Game Artificial Intelligence,Morgan & Claypool Publishers
Generative Deep Learning,Generative Deep Learning,O'Reilly
Genetic Algorithms and Machine Learning for Programmers,Genetic Algorithms and Machine Learning for Programmers,Pragmatic Programmers
Genetic Algorithms in Elixir,Genetic Algorithms in Elixir,Pragmatic Programmers
Genetics 101,Genetics 101,Simon & Schuster
Geometry Creation and Import with COMSOL,Geometry Creation and Import with COMSOL,"Walter De Gruyter, Inc."
Geometry for Programmers,Geometry for Programmers,Manning Publications
Geometry of Hand-Sewing: A Romance in Stitches and Embroidery from Alabama Chanin and The School of Making,Geometry of Hand-Sewing: A Romance in Stitches and Embroidery from Alabama Chanin and The School of Making,Abrams Books
Germany [GER10],Germany [GER10],Lonely Planet
Get People To Do What You Want,Get People To Do What You Want,Red Wheel/Weiser
Get Programming in Go,Get Programming in Go,Manning Publications
Get Programming with Haskell,Get Programming with Haskell,Manning Publications
Get Programming with JavaScript,Get Programming with JavaScript,Manning Publications
Get Started with Arduino,Get Started with Arduino,Raspberry Pi Press
Get Started with MicroPython on Raspberry Pi Pico,Get Started with MicroPython on Raspberry Pi Pico,Raspberry Pi Press
Get to the Point!: Sharpen Your Message and Make Your Words Matter,Get to the Point!: Sharpen Your Message and Make Your Words Matter,Berrett Koehler
Getting Clojure,Getting Clojure,Pragmatic Programmers
Getting Started for Internet of Things with Launch Pad and ESP8266,Getting Started for Internet of Things with Launch Pad and ESP8266,River Publishers
Getting Started with Adafruit Circuit Playground Express,Getting Started with Adafruit Circuit Playground Express,O'Reilly
GETTING STARTED WITH ANGULAR,GETTING STARTED WITH ANGULAR,Springer
Getting Started with Arduino,Getting Started with Arduino,O'Reilly
Getting Started with CockroachDB,Getting Started with CockroachDB,Packt
Getting Started with Drones: Build and Customize Your Own Quadcopter,Getting Started with Drones: Build and Customize Your Own Quadcopter,O'Reilly
Getting Started with DuckDB,Getting Started with DuckDB,Packt
Getting Started with Electronics (Dum Jr),Getting Started with Electronics (Dum Jr),Wiley
Getting Started with littleBits,Getting Started with littleBits,O'Reilly
Getting Started with MakerBot,Getting Started with MakerBot,O'Reilly
Getting Started with p5.js,Getting Started with p5.js,O'Reilly
Getting Started with Processing.py,Getting Started with Processing.py,O'Reilly
Getting Started With Raspberry Pi,Getting Started With Raspberry Pi,O'Reilly
"Getting Started with Sensors: Measure the World with Electronics, Arduino, and Raspberry Pi","Getting Started with Sensors: Measure the World with Electronics, Arduino, and Raspberry Pi",O'Reilly
Getting Started with Soldering,Getting Started with Soldering,O'Reilly
Getting Started with Streamlit for Data Science,Getting Started with Streamlit for Data Science,Packt
Getting Started With the Adafruit Circuit Playground Express,Getting Started With the Adafruit Circuit Playground Express,O'Reilly
Getting Started with the micro:bit,Getting Started with the micro:bit,O'Reilly
"Getting Started with the Photon: Making Things with the Affordable, Compact, Hackable WiFi Module","Getting Started with the Photon: Making Things with the Affordable, Compact, Hackable WiFi Module",O'Reilly
Ghidra Software Reverse Engineering for Beginners,Ghidra Software Reverse Engineering for Beginners,Packt
"The Gift of Anger: Use Passion to Build, Not Destroy","The Gift of Anger: Use Passion to Build, Not Destroy",Berrett Koehler
The Girl Who Kicked the Hornet's Nest,The Girl Who Kicked the Hornet's Nest,Titan Publishing Group
The Girl Who Played With Fire,The Girl Who Played With Fire,Titan Publishing Group
The Girl With The Dragon Tattoo,The Girl With The Dragon Tattoo,Titan Publishing Group
Girls Garage,Girls Garage,Chronicle Books
Glorious Pasta of Italy,Glorious Pasta of Italy,Chronicle Books
The GNU Make Book,The GNU Make Book,No Starch Press
Go for DevOps,Go for DevOps,Packt
Go in Action,Go in Action,Manning Publications
Going Horizontal,Going Horizontal,Berrett Koehler
"Good Code, Bad Code","Good Code, Bad Code",Manning Publications
Good Housekeeping Best Diets for Easy Weight Loss,Good Housekeeping Best Diets for Easy Weight Loss,Hearst Specials
Good Housekeeping Christmas Cookie Swap,Good Housekeeping Christmas Cookie Swap,Hearst Specials
Good Housekeeping Christmas Spectacular,Good Housekeeping Christmas Spectacular,Hearst Specials
Good Housekeeping Comfort Food,Good Housekeeping Comfort Food,Hearst Specials
Good Housekeeping Cooking in an Instant,Good Housekeeping Cooking in an Instant,Penguin Random House US
Good Housekeeping Easy Air Fryer,Good Housekeeping Easy Air Fryer,Hearst Specials
Good Housekeeping Easy Keto,Good Housekeeping Easy Keto,Hearst Specials
Good Housekeeping Easy Meal Prep,Good Housekeeping Easy Meal Prep,Penguin Random House US
Good Housekeeping Easy Vegan,Good Housekeeping Easy Vegan,Hearst Specials
Good Housekeeping Home Remedies,Good Housekeeping Home Remedies,Hearst Specials
Good Housekeeping Keto 101,Good Housekeeping Keto 101,Penguin Random House US
Good Housekeeping Light and Easy Recipes,Good Housekeeping Light and Easy Recipes,Hearst Specials
Good Housekeeping Mediterranean Diet Made Easy,Good Housekeeping Mediterranean Diet Made Easy,Penguin Random House US
Good Housekeeping Sheet Pan Cooking,Good Housekeeping Sheet Pan Cooking,Hearst Specials
Good Housekeeping Simple & Satisfying Comfort Foods,Good Housekeeping Simple & Satisfying Comfort Foods,Penguin Random House US
Good Housekeeping Smoothies,Good Housekeeping Smoothies,Hearst Specials
Good Housekeeping Soups,Good Housekeeping Soups,Hearst Specials
Good Housekeeping The Best-Ever Cookie Book,Good Housekeeping The Best-Ever Cookie Book,Penguin Random House US
Good Math,Good Math,Pragmatic Programmers
Google Cloud for DevOps Engineers,Google Cloud for DevOps Engineers,Packt
GPGPU Programming for Games and Science,GPGPU Programming for Games and Science,Taylor & Francis Group
Grammar 101,Grammar 101,Simon & Schuster
Grandbaby Cakes,Grandbaby Cakes,Open Road Media
Graph Analysis and Visualization: Discovering Business Opportunity in Linked Data,Graph Analysis and Visualization: Discovering Business Opportunity in Linked Data,Wiley
Graph Machine Learning,Graph Machine Learning,Packt
Graph-Based Semi-Supervised Learning,Graph-Based Semi-Supervised Learning,Morgan & Claypool Publishers
"Graphic Design and Architecture, A 20th Century History","Graphic Design and Architecture, A 20th Century History",The Quarto Group
The Graphic Design Reference & Specification Book,The Graphic Design Reference & Specification Book,The Quarto Group
Graphic Design Rules,Graphic Design Rules,Chronicle Books
Graphic Design: The New Basics,Graphic Design: The New Basics,Chronicle Books
Graphic Design Theory: Readings from the Field,Graphic Design Theory: Readings from the Field,Chronicle Books
Graphics and Visualization: Principles & Algorithms,Graphics and Visualization: Principles & Algorithms,Taylor & Francis Group
Great Britain Country Guide,Great Britain Country Guide,Lonely Planet
Green Fig and Lionfish: Sustainable Caribbean Cooking,Green Fig and Lionfish: Sustainable Caribbean Cooking,Mango Media
"Green Tea Living: A Japan-Inspired Guide to Eco-friendly Habits, Health, and Happiness","Green Tea Living: A Japan-Inspired Guide to Eco-friendly Habits, Health, and Happiness",Stone Bridge Press
Greentown,Greentown,Skyhorse Publishing
grep Pocket Reference,grep Pocket Reference,O'Reilly
Grill Every Day,Grill Every Day,Chronicle Books
Grilled Cheese Kitchen,Grilled Cheese Kitchen,Chronicle Books
Grokking AI Algorithms,Grokking AI Algorithms,Manning Publications
Grokking Continuous Delivery,Grokking Continuous Delivery,Manning Publications
Grokking Deep Learning,Grokking Deep Learning,Manning Publications
Grokking Functional Programming,Grokking Functional Programming,Manning Publications
Grow a Living Wall: Create Vertical Gardens with Purpose: Pollinators - Herbs and Veggies - Aromatherapy - Many More,Grow a Living Wall: Create Vertical Gardens with Purpose: Pollinators - Herbs and Veggies - Aromatherapy - Many More,The Quarto Group
Grow Your Own Spices,Grow Your Own Spices,The Quarto Group
Growing Up Great!,Growing Up Great!,Callisto Publishing
gRPC: Up and Running,gRPC: Up and Running,O'Reilly
Gun Honey Preview,Gun Honey Preview,Titan Publishing Group
Gun Work,Gun Work,Titan Publishing Group
GURPS For Dummies,GURPS For Dummies,Wiley
Gut Health Diet for Beginners,Gut Health Diet for Beginners,Callisto Publishing
Gut Health Hacks,Gut Health Hacks,Simon & Schuster
H. H. Holmes: The True History of the White City Devil,H. H. Holmes: The True History of the White City Devil,Skyhorse Publishing
Hacking Immortality,Hacking Immortality,Simon & Schuster
Hacking Multifactor Authentication,Hacking Multifactor Authentication,Wiley
HackSpace #35,HackSpace #35,Raspberry Pi Press
HackSpace #36,HackSpace #36,Raspberry Pi Press
HackSpace #37,HackSpace #37,Raspberry Pi Press
HackSpace #38,HackSpace #38,Raspberry Pi Press
HackSpace #39,HackSpace #39,Raspberry Pi Press
HackSpace #40,HackSpace #40,Raspberry Pi Press
HackSpace #41,HackSpace #41,Raspberry Pi Press
HackSpace #42,HackSpace #42,Raspberry Pi Press
HackSpace #43,HackSpace #43,Raspberry Pi Press
HackSpace #44,HackSpace #44,Raspberry Pi Press
HackSpace #45,HackSpace #45,Raspberry Pi Press
HackSpace #46,HackSpace #46,Raspberry Pi Press
HackSpace #47,HackSpace #47,Raspberry Pi Press
The Haiku Apprentice,The Haiku Apprentice,Stone Bridge Press
Half-Real,Half-Real,MIT Press
Hand Sewing Magic,Hand Sewing Magic,The Quarto Group
"Handbook of Usability Testing: How to Plan,  Design, and Conduct Effective Tests, Second Edition","Handbook of Usability Testing: How to Plan,  Design, and Conduct Effective Tests, Second Edition",Wiley
"Handmade for the Garden: 72 Ingenious Ways to Enhance Your Outdoor Space with DIY Tools, Pots, Embellishments, and More","Handmade for the Garden: 72 Ingenious Ways to Enhance Your Outdoor Space with DIY Tools, Pots, Embellishments, and More",Abrams Books
Handmade Pixels,Handmade Pixels,MIT Press
Hands on GitHub Actions,Hands on GitHub Actions,Springer
Hands On With Google Data Studio: A Data Citizen's Survival Guide,Hands On With Google Data Studio: A Data Citizen's Survival Guide,Wiley
Hands-On Android UI Development,Hands-On Android UI Development,Packt
Hands-on Artificial Intelligence for Android,Hands-on Artificial Intelligence for Android,Richdale Ventures
Hands-On Blockchain for Python Developers,Hands-On Blockchain for Python Developers,Packt
Hands-On Computer Vision with Detectron2,Hands-On Computer Vision with Detectron2,Packt
Hands-On Data Analysis with Pandas,Hands-On Data Analysis with Pandas,Packt
Hands-On Data Structures and Algorithms with Python,Hands-On Data Structures and Algorithms with Python,Packt
Hands-On Design Patterns and Best Practices with Julia,Hands-On Design Patterns and Best Practices with Julia,Packt
Hands-On Docker for Microservices with Python,Hands-On Docker for Microservices with Python,Packt
Hands-On Exploratory Data Analysis with Python,Hands-On Exploratory Data Analysis with Python,Packt
Hands-On Financial Modeling with Excel for Microsoft 365,Hands-On Financial Modeling with Excel for Microsoft 365,Packt
Hands-On Financial Trading with Python,Hands-On Financial Trading with Python,Packt
Hands-On Full-Stack Development with Swift,Hands-On Full-Stack Development with Swift,Packt
Hands-On Genetic Algorithms with Python,Hands-On Genetic Algorithms with Python,Packt
Hands-On Gradient Boosting with XGBoost and scikit-learn,Hands-On Gradient Boosting with XGBoost and scikit-learn,Packt
Hands-On Graph Neural Networks Using Python,Hands-On Graph Neural Networks Using Python,Packt
Hands-On Kubernetes on Azure,Hands-On Kubernetes on Azure,Packt
Hands-On Kubernetes on Windows,Hands-On Kubernetes on Windows,Packt
Hands-On Machine Learning with scikit-learn and Scientific Python Toolkits,Hands-On Machine Learning with scikit-learn and Scientific Python Toolkits,Packt
Hands-On Microservices with Kubernetes,Hands-On Microservices with Kubernetes,Packt
Hands-On Network Programming with C# and .NET Core,Hands-On Network Programming with C# and .NET Core,Packt
Hands-On Object-Oriented Programming with C#,Hands-On Object-Oriented Programming with C#,Packt
Hands-On Python Natural Language Processing,Hands-On Python Natural Language Processing,Packt
Hands-On Reinforcement Learning for Games,Hands-On Reinforcement Learning for Games,Packt
Hands-On Server-Side Web Development with Swift,Hands-On Server-Side Web Development with Swift,Packt
Hands-On Simulation Modeling with Python,Hands-On Simulation Modeling with Python,Packt
Hands-On SQL Server 2019 Analysis Services,Hands-On SQL Server 2019 Analysis Services,Packt
"Hands-On Unity 2021 Game Development, Second Edition","Hands-On Unity 2021 Game Development, Second Edition",Packt
Hands-On Unsupervised Learning Using Python,Hands-On Unsupervised Learning Using Python,O'Reilly
Handy Dad,Handy Dad,Chronicle Books
Happiest You Ever,Happiest You Ever,Simon & Schuster
Happiness,Happiness,Penguin Random House US
Happy Houseplants: 30 Lovely Varieties to Brighten Up Your Home,Happy Houseplants: 30 Lovely Varieties to Brighten Up Your Home,Chronicle Books
Hard Time,Hard Time,Skyhorse Publishing
Hardcore Anxiety,Hardcore Anxiety,Microcosm
Hardcore Programming for Mechanical Engineers,Hardcore Programming for Mechanical Engineers,No Starch Press
Hat Pattern Collection,Hat Pattern Collection,Kamui Cosplay
Haute Dogs,Haute Dogs,Penguin Random House US
Hazardous Waste Management,Hazardous Waste Management,"Walter De Gruyter, Inc."
HDL with Digital Design,HDL with Digital Design,"Walter De Gruyter, Inc."
Head First Agile,Head First Agile,O'Reilly
Head First Android Development,Head First Android Development,O'Reilly
Head First C#,Head First C#,O'Reilly
Head First C,Head First C,O'Reilly
Head First Design Patterns,Head First Design Patterns,O'Reilly
Head First HTML and CSS,Head First HTML and CSS,O'Reilly
Head First Java,Head First Java,O'Reilly
Head First JavaScript Programming,Head First JavaScript Programming,O'Reilly
Head First Kotlin,Head First Kotlin,O'Reilly
Head First Learn to Code,Head First Learn to Code,O'Reilly
Head First Object-Oriented Analysis and Design,Head First Object-Oriented Analysis and Design,O'Reilly
Head First PMP,Head First PMP,O'Reilly
Head First Python,Head First Python,O'Reilly
Head First Ruby,Head First Ruby,O'Reilly
Head First Software Architecture,Head First Software Architecture,O'Reilly
Head First SQL,Head First SQL,O'Reilly
Head First Statistics,Head First Statistics,O'Reilly
Healing At Your Fingertips,Healing At Your Fingertips,Simon & Schuster
Healing through Nutrition,Healing through Nutrition,Callisto Publishing
Healthcare Data Analytics,Healthcare Data Analytics,Taylor & Francis Group
Healthiest You Ever,Healthiest You Ever,Simon & Schuster
Healthy Dish of the Day,Healthy Dish of the Day,Weldon Owen
Healthy Eating for Life,Healthy Eating for Life,Callisto Publishing
Healthy Keto: Prevention Healing Kitchen,Healthy Keto: Prevention Healing Kitchen,Penguin Random House US
The Healthy Teen Cookbook: Around the World In 80 Fantastic Recipes,The Healthy Teen Cookbook: Around the World In 80 Fantastic Recipes,Mango Media
Heart And Sell,Heart And Sell,Career Press
Heart Disease and Health,Heart Disease and Health,"Walter De Gruyter, Inc."
Hearty Vegan Meals for Monster Appetites,Hearty Vegan Meals for Monster Appetites,The Quarto Group
Heaven's Crooked Finger: An Earl Marcus Mystery,Heaven's Crooked Finger: An Earl Marcus Mystery,Penguin Random House US
Heirloom Beans,Heirloom Beans,Chronicle Books
Hello HTML,Hello HTML,Manning Publications
Hello Swift!,Hello Swift!,Manning Publications
Hello World! Computer programming for Kids and Other Beginners,Hello World! Computer programming for Kids and Other Beginners,Manning Publications
Helmet Pattern Collection 2,Helmet Pattern Collection 2,Kamui Cosplay
Help! My Computer is Broken,Help! My Computer is Broken,Raspberry Pi Press
Helping,Helping,Berrett Koehler
"The Herbal Healing Handbook: How to Use Plants, Essential Oils and Aromatherapy as Natural Remedies","The Herbal Healing Handbook: How to Use Plants, Essential Oils and Aromatherapy as Natural Remedies",Mango Media
Hex: The Full Story,Hex: The Full Story,Taylor & Francis Group
Hidden Places,Hidden Places,The Quarto Group
High Performance Computing for Big Data: Methodologies and Applications,High Performance Computing for Big Data: Methodologies and Applications,Taylor & Francis Group
High Performance Images,High Performance Images,O'Reilly
"High Performance Python, 2E","High Performance Python, 2E",O'Reilly
High Performance Visualization: Enabling Extreme-Scale Scientific Insight,High Performance Visualization: Enabling Extreme-Scale Scientific Insight,Taylor & Francis Group
High Tea,High Tea,Skyhorse Publishing
Highly Paid Expert,Highly Paid Expert,Career Press
The Highly Sensitive Person's Toolkit,The Highly Sensitive Person's Toolkit,Callisto Publishing
High-Performance Programming in C# and .NET,High-Performance Programming in C# and .NET,Packt
HIGH-PERFORMANCE WEB APPS WITH FASTAPI,HIGH-PERFORMANCE WEB APPS WITH FASTAPI,Springer
"The History of Miami Hip Hop: The Story of DJ Khaled, Pitbull, DJ Craze, and Other Contributors to South Florida's Scene","The History of Miami Hip Hop: The Story of DJ Khaled, Pitbull, DJ Craze, and Other Contributors to South Florida's Scene",Microcosm
Hitchiker's Guide to Python,Hitchiker's Guide to Python,O'Reilly
Hobby Farming For Dummies,Hobby Farming For Dummies,Wiley
Hojoki,Hojoki,Stone Bridge Press
Holiday Hacks,Holiday Hacks,Simon & Schuster
The Holistic Health Handbook,The Holistic Health Handbook,Callisto Publishing
Holistic Wellness,Holistic Wellness,Callisto Publishing
Homage to a Pied Puzzler,Homage to a Pied Puzzler,Taylor & Francis Group
Home Decorating For Dummies,Home Decorating For Dummies,Wiley
Home Maintenance For Dummies,Home Maintenance For Dummies,Wiley
Home Winemaking For Dummies,Home Winemaking For Dummies,Wiley
HomeBaking,HomeBaking,Open Road Media
Homebrew Gaming and the Beginnings of Vernacular Digitality,Homebrew Gaming and the Beginnings of Vernacular Digitality,MIT Press
Homebrewing For Dummies,Homebrewing For Dummies,Wiley
Homemade Doughnuts,Homemade Doughnuts,The Quarto Group
Hoop Dreams: Modern Hand Embroidery,Hoop Dreams: Modern Hand Embroidery,Abrams Books
Horn Pattern Collection 1,Horn Pattern Collection 1,Kamui Cosplay
Horn Pattern Collection 2,Horn Pattern Collection 2,Kamui Cosplay
Hot Pot Cookbook for Beginners,Hot Pot Cookbook for Beginners,Callisto Publishing
House of Ashes,House of Ashes,Penguin Random House US
How Computers Really Work: A Hands-On Guide to the Inner Workings of the Machine,How Computers Really Work: A Hands-On Guide to the Inner Workings of the Machine,No Starch Press
How Design Makes Us Think,How Design Makes Us Think,Chronicle Books
How Games Move Us: Emotion by Design,How Games Move Us: Emotion by Design,Penguin Random House US
How I Rob Banks: And Other Such Places,How I Rob Banks: And Other Such Places,Wiley
HOW JAVASCRIPT WORKS,HOW JAVASCRIPT WORKS,Springer
How Linux Works,How Linux Works,No Starch Press
How Not to Kill Yourself (2nd edition),How Not to Kill Yourself (2nd edition),Microcosm
How Pac-Man Eats,How Pac-Man Eats,MIT Press
How to Back Up a Trailer,How to Back Up a Trailer,Simon & Schuster
How to Be a Graphic Designer without Losing Your Soul,How to Be a Graphic Designer without Losing Your Soul,Chronicle Books
How to Be a Positive Leader,How to Be a Positive Leader,Berrett Koehler
HOW TO BE A WEB DEVELOPER,HOW TO BE A WEB DEVELOPER,Springer
"How to Be Accountable: Take Responsibility to Change Your Behavior, Boundaries, and Relationships","How to Be Accountable: Take Responsibility to Change Your Behavior, Boundaries, and Relationships",Microcosm
How to Be Accountable Workbook,How to Be Accountable Workbook,Microcosm
How to be Content: An inspired guide to happiness,How to be Content: An inspired guide to happiness,The Quarto Group
How to Build a Better Pie,How to Build a Better Pie,The Quarto Group
How to Build a Hovercraft,How to Build a Hovercraft,Chronicle Books
How to Cook Like a Top Chef,How to Cook Like a Top Chef,Chronicle Books
How to Cook That: Crazy Sweet Creations,How to Cook That: Crazy Sweet Creations,Mango Media
How to Do Things,How to Do Things,Chronicle Books
How to Drive,How to Drive,Chronicle Books
How To Fix Everything For Dummies,How To Fix Everything For Dummies,Wiley
How to Get Out of Friend Zone,How to Get Out of Friend Zone,Chronicle Books
How To Handle A Crowd,How To Handle A Crowd,Simon & Schuster
How To Host A Game Night,How To Host A Game Night,Simon & Schuster
How To Live Icelandic,How To Live Icelandic,The Quarto Group
How to Live Japanese,How to Live Japanese,The Quarto Group
How to Live Korean,How to Live Korean,The Quarto Group
How to Make a Robot,How to Make a Robot,O'Reilly
"How to Make Hand-Drawn Maps: A Creative Guide with Tips, Tricks, and Projects","How to Make Hand-Drawn Maps: A Creative Guide with Tips, Tricks, and Projects",Chronicle Books
How to Make It,How to Make It,Chronicle Books
How to Make Small Talk,How to Make Small Talk,Simon & Schuster
How to Make Stuffed Animals,How to Make Stuffed Animals,Open Road Media
How to Overcome Shyness,How to Overcome Shyness,Simon & Schuster
How To Play Harmonica,How To Play Harmonica,Simon & Schuster
How To Play Ukulele,How To Play Ukulele,Simon & Schuster
How to Resist Amazon and Why (2nd ed),How to Resist Amazon and Why (2nd ed),Microcosm
How to Roast a Pig,How to Roast a Pig,The Quarto Group
How to Rule at Drawing,How to Rule at Drawing,Chronicle Books
How to Rule at Photography,How to Rule at Photography,Chronicle Books
How To Slay A Dragon,How To Slay A Dragon,Simon & Schuster
How To Spot A Liar,How To Spot A Liar,Red Wheel/Weiser
How to Survive Anything,How to Survive Anything,Weldon Owen
How to Survive Off the Grid,How to Survive Off the Grid,Weldon Owen
How To Take A Japanese Bath,How To Take A Japanese Bath,Stone Bridge Press
How to Use a Breadboard!,How to Use a Breadboard!,O'Reilly
"HTML5 and CSS3 for the Real World, Second Edition","HTML5 and CSS3 for the Real World, Second Edition",SitePoint
HTML5 Hacks,HTML5 Hacks,O'Reilly
HTTP/2 in Action,HTTP/2 in Action,Manning Publications
Huckleberry,Huckleberry,Chronicle Books
Human/Demon Skulls Pattern Collection,Human/Demon Skulls Pattern Collection,Kamui Cosplay
Human Factors in Intelligent Vehicles,Human Factors in Intelligent Vehicles,River Publishers
The Humane Gardener,The Humane Gardener,Chronicle Books
Humble Consulting,Humble Consulting,Berrett Koehler
"Humble Inquiry, Second Edition","Humble Inquiry, Second Edition",Berrett Koehler
"Humble Leadership: The Power of Relationships, Openness, and Trust","Humble Leadership: The Power of Relationships, Openness, and Trust",Berrett Koehler
Humility Is the New Smart,Humility Is the New Smart,Berrett Koehler
Ice Cube Tray Recipes,Ice Cube Tray Recipes,Skyhorse Publishing
The Ideals Of The East,The Ideals Of The East,Stone Bridge Press
Identity Designed,Identity Designed,The Quarto Group
If Hemingway Wrote JavaScript,If Hemingway Wrote JavaScript,No Starch Press
If Hemingway Wrrote Javascript,If Hemingway Wrrote Javascript,No Starch Press
"If It's Smart, It's Vulnerable","If It's Smart, It's Vulnerable",Wiley
"If You're Freaking Out, Read This: A Coping Workbook for Building Good Habits, Behaviors, and Hope for the Future","If You're Freaking Out, Read This: A Coping Workbook for Building Good Habits, Behaviors, and Hope for the Future",Microcosm
Illustrated Guide to Astronomical Wonders,Illustrated Guide to Astronomical Wonders,O'Reilly
Illustrated Guide to Home Biology Experiments,Illustrated Guide to Home Biology Experiments,O'Reilly
Illustrated Guide to Home Chemistry Experiments,Illustrated Guide to Home Chemistry Experiments,O'Reilly
Immune System Hacks,Immune System Hacks,Simon & Schuster
Implementing Event-Driven Microservices Architecture in .NET 7,Implementing Event-Driven Microservices Architecture in .NET 7,Packt
Implementing Reproducable Research,Implementing Reproducable Research,Taylor & Francis Group
Implementing Service Level Objectives,Implementing Service Level Objectives,O'Reilly
The Impossible Road Trip,The Impossible Road Trip,The Quarto Group
Impractical Python Projects,Impractical Python Projects,No Starch Press
In Focus Meditation: Your Personal Guide,In Focus Meditation: Your Personal Guide,The Quarto Group
In Progress,In Progress,Chronicle Books
In the Valley of the Devil: An Earl Marcus Mystery,In the Valley of the Devil: An Earl Marcus Mystery,Penguin Random House US
Indoor Kitchen Gardening Handbook,Indoor Kitchen Gardening Handbook,The Quarto Group
Industrial Automation & Robotics,Industrial Automation & Robotics,"Walter De Gruyter, Inc."
Industrial Cybersecurity,Industrial Cybersecurity,Packt
The Industrial Design Reference & Specification Book,The Industrial Design Reference & Specification Book,The Quarto Group
Industrial Engineering Foundations,Industrial Engineering Foundations,"Walter De Gruyter, Inc."
Information Theory Tools for Visualization,Information Theory Tools for Visualization,Taylor & Francis Group
Inland Sea,Inland Sea,Stone Bridge Press
In-Memory Analytics with Apache Arrow,In-Memory Analytics with Apache Arrow,Packt
Inside Paragraphs,Inside Paragraphs,Chronicle Books
The Insider Threat: Assessment and Mitigation of Risks,The Insider Threat: Assessment and Mitigation of Risks,Taylor & Francis Group
Instant Pot Vegan Indian Cookbook,Instant Pot Vegan Indian Cookbook,Callisto Publishing
"Interaction Design for 3D User Interfaces: The World of Modern Input Devices for Research, Applications, and Game Development","Interaction Design for 3D User Interfaces: The World of Modern Input Devices for Research, Applications, and Game Development",Taylor & Francis Group
"Interactive Data Visualization: Foundations, Techniques, and Applications, Second Edition","Interactive Data Visualization: Foundations, Techniques, and Applications, Second Edition",Taylor & Francis Group
Interactive Design,Interactive Design,The Quarto Group
Internet of Things - The Call of the Edge,Internet of Things - The Call of the Edge,River Publishers
Internet of Things in Automotive Industries and Road Safety,Internet of Things in Automotive Industries and Road Safety,River Publishers
"Internet of Things Security: Principles, Applications, Attacks, and Countermeasures","Internet of Things Security: Principles, Applications, Attacks, and Countermeasures",Taylor & Francis Group
"Internet of Things, Threats, Landscape, and Countermeasures","Internet of Things, Threats, Landscape, and Countermeasures",Taylor & Francis Group
"Interpretable Machine Learning with Python, Second Edition","Interpretable Machine Learning with Python, Second Edition",Packt
Intro 3D Game Programming DX 12,Intro 3D Game Programming DX 12,"Walter De Gruyter, Inc."
Introducing Distributed Application Runtime (Dapr),Introducing Distributed Application Runtime (Dapr),Springer
Introducing Go,Introducing Go,O'Reilly
Introducing Machine Learning,Introducing Machine Learning,Pearson
Introducing Microsoft Quantum Computing for Developers,Introducing Microsoft Quantum Computing for Developers,Springer
Introducing .NET 6,Introducing .NET 6,Springer
Introducing .NET for Apache Spark,Introducing .NET for Apache Spark,Springer
"Introducing Python, 2E","Introducing Python, 2E",O'Reilly
Introducing Regular Expressions,Introducing Regular Expressions,O'Reilly
Introduction to Analog-to-Digital Converters,Introduction to Analog-to-Digital Converters,River Publishers
Introduction to Computer Organization,Introduction to Computer Organization,No Starch Press
Introduction to Deep Learning for Engineers: Using Python and Google Cloud Platform,Introduction to Deep Learning for Engineers: Using Python and Google Cloud Platform,Morgan & Claypool Publishers
Introduction to Graph Neural Networks,Introduction to Graph Neural Networks,Morgan & Claypool Publishers
Introduction to High-Dimensional Statistics,Introduction to High-Dimensional Statistics,Taylor & Francis Group
Introduction to Logic Programming,Introduction to Logic Programming,Morgan & Claypool Publishers
"Introduction to Logic, Third Edition","Introduction to Logic, Third Edition",Morgan & Claypool Publishers
Introduction to Semi-Supervised Learning,Introduction to Semi-Supervised Learning,Morgan & Claypool Publishers
Introduction to Statistics Using R,Introduction to Statistics Using R,Morgan & Claypool Publishers
Introduction to Wireless Communication Circuits 2nd Edition,Introduction to Wireless Communication Circuits 2nd Edition,River Publishers
Introvert's Complete Career Guide,Introvert's Complete Career Guide,Career Press
The Intuitive Eating Guide to Recovery,The Intuitive Eating Guide to Recovery,Callisto Publishing
The Intuitive Eating Plan,The Intuitive Eating Plan,Callisto Publishing
"Invent Your Own Computer Games with Python, 4th Edition","Invent Your Own Computer Games with Python, 4th Edition",No Starch Press
"Investigating Cryptocurrencies: Understanding, Extracting, and Analyzing Blockchain Evidence","Investigating Cryptocurrencies: Understanding, Extracting, and Analyzing Blockchain Evidence",Wiley
Investing 101,Investing 101,Simon & Schuster
"Ionic Cookbook, 3rd Edition","Ionic Cookbook, 3rd Edition",Packt
"iOS 13 Programming for Beginners, 4th Edition","iOS 13 Programming for Beginners, 4th Edition",Packt
iOS 15 Programming for Beginners,iOS 15 Programming for Beginners,Packt
iOS Swift Development Cookbook,iOS Swift Development Cookbook,O'Reilly
IOS with Swift,IOS with Swift,Manning Publications
Irene Strange's Curious Crochet Creatures,Irene Strange's Curious Crochet Creatures,Open Road Media
Irresistible APIs,Irresistible APIs,Manning Publications
"(ISC)2 CCSP Certified Cloud Security Professional Official Study Guide, 2nd Edition","(ISC)2 CCSP Certified Cloud Security Professional Official Study Guide, 2nd Edition",Wiley
Italian Phrasebook,Italian Phrasebook,Lonely Planet
Italy Country Guide,Italy Country Guide,Lonely Planet
Jagged Alliance 2,Jagged Alliance 2,Boss Fight Books
The James Beard Cookbook,The James Beard Cookbook,Open Road Media
James Beard's Theory and Practice of Good Cooking,James Beard's Theory and Practice of Good Cooking,Open Road Media
Japan Country Guide,Japan Country Guide,Lonely Planet
"Japan from Anime to Zen: Quick Takes on Culture, Art, History, Food . . . and More","Japan from Anime to Zen: Quick Takes on Culture, Art, History, Food . . . and More",Stone Bridge Press
Japanese Cookbook for Beginners,Japanese Cookbook for Beginners,Callisto Publishing
Japanese Farm Food,Japanese Farm Food,Open Road Media
The Japanese Larder,The Japanese Larder,The Quarto Group
Japanese Phrasebook,Japanese Phrasebook,Lonely Planet
"Japanese Stitches Unraveled: 160+ Stitch Patterns to Knit Top Down, Bottom Up, Back and Forth, and In the Round","Japanese Stitches Unraveled: 160+ Stitch Patterns to Knit Top Down, Bottom Up, Back and Forth, and In the Round",Abrams Books
Japaneseness: A Guide to Values and Virtues,Japaneseness: A Guide to Values and Virtues,Stone Bridge Press
Java 11 Cookbook,Java 11 Cookbook,Packt
Java 9 Concurrency Cookbook,Java 9 Concurrency Cookbook,Packt
Java 9 Programming By Example,Java 9 Programming By Example,Packt
"Java Cookbook, 4E","Java Cookbook, 4E",O'Reilly
"Java Cookbook, 4th Edition","Java Cookbook, 4th Edition",O'Reilly
Java EE 8 and Angular,Java EE 8 and Angular,Packt
Java EE 8 Application Development,Java EE 8 Application Development,Packt
Java EE 8 Cookbook,Java EE 8 Cookbook,Packt
Java Projects,Java Projects,Packt
Java to Kotlin,Java to Kotlin,O'Reilly
JavaScript and jQuery for Data Analysis and Visualization,JavaScript and jQuery for Data Analysis and Visualization,Wiley
"JavaScript Cookbook, 3E","JavaScript Cookbook, 3E",O'Reilly
"JavaScript Cookbook, 3rd Edition","JavaScript Cookbook, 3rd Edition",O'Reilly
JavaScript Everywhere,JavaScript Everywhere,O'Reilly
"JavaScript: Novice to Ninja, 2e","JavaScript: Novice to Ninja, 2e",SitePoint
JavaScript on Things,JavaScript on Things,Manning Publications
"JavaScript: The Definitive Guide, 7th Edition","JavaScript: The Definitive Guide, 7th Edition",O'Reilly
JavaScript: The New Toys,JavaScript: The New Toys,Wiley
Jenkins 2: Up and Running,Jenkins 2: Up and Running,O'Reilly
The Jersey Shore Cookbook,The Jersey Shore Cookbook,Quirk Books
John Wayne Gacy,John Wayne Gacy,Skyhorse Publishing
Josey Baker Bread,Josey Baker Bread,Chronicle Books
Joy of Forest Bathing: Reconnect With Wild Places & Rejuvenate Your Life,Joy of Forest Bathing: Reconnect With Wild Places & Rejuvenate Your Life,The Quarto Group
jQuery Recipes,jQuery Recipes,Springer
"Jump Start Git, Second Edition","Jump Start Git, Second Edition",SitePoint
"Jump Start Responsive Web Design, Second Edition","Jump Start Responsive Web Design, Second Edition",SitePoint
Jump Start Vue.js,Jump Start Vue.js,SitePoint
Jump Start Web Performance,Jump Start Web Performance,SitePoint
Jumpstarting C,Jumpstarting C,O'Reilly
Jumpstarting Javascript,Jumpstarting Javascript,O'Reilly
Jumpstarting Raspberry Pi Vision: Machine Learning and Facial Recognition,Jumpstarting Raspberry Pi Vision: Machine Learning and Facial Recognition,O'Reilly
Jumpstarting the Raspberry Pi Zero W,Jumpstarting the Raspberry Pi Zero W,O'Reilly
Jumpstarting Your Own PCB Board,Jumpstarting Your Own PCB Board,O'Reilly
JUST REACT!,JUST REACT!,Springer
Just Send The Text,Just Send The Text,Simon & Schuster
The Kaggle Book,The Kaggle Book,Packt
The Kaggle Workbook,The Kaggle Workbook,Packt
Kali Linux Penetration Testing Bible,Kali Linux Penetration Testing Bible,Wiley
Kanban in Action,Kanban in Action,Manning Publications
Kanji Box: Japanese Character Collection,Kanji Box: Japanese Character Collection,Stone Bridge Press
"Kanji Pict-o-Graphix: Over 1,000 Japanese Kanji and Kana Mnemonics","Kanji Pict-o-Graphix: Over 1,000 Japanese Kanji and Kana Mnemonics",Stone Bridge Press
Katamari Damacy,Katamari Damacy,Boss Fight Books
Kawaii Crochet,Kawaii Crochet,Open Road Media
Kebabs,Kebabs,The Quarto Group
Keras to Kubernetes: The Journey of a Machine Learning Model to Production,Keras to Kubernetes: The Journey of a Machine Learning Model to Production,Wiley
Keto Diet Hacks,Keto Diet Hacks,Simon & Schuster
Keto Fitness Cookbook,Keto Fitness Cookbook,Callisto Publishing
Keto Meal Prep by FlavCity: 125+ Low Carb Recipes That Actually Taste Good,Keto Meal Prep by FlavCity: 125+ Low Carb Recipes That Actually Taste Good,Mango Media
Kevin Belton's Big Flavors of New Orleans,Kevin Belton's Big Flavors of New Orleans,Open Road Media
Keycloak - Identity and Access Management for Modern Applications,Keycloak - Identity and Access Management for Modern Applications,Packt
Kickstart Modern Android Development with Jetpack and Kotlin,Kickstart Modern Android Development with Jetpack and Kotlin,Packt
Kidnapped by a Client,Kidnapped by a Client,Skyhorse Publishing
Kidult Handbook,Kidult Handbook,Simon & Schuster
Kingdom Hearts II,Kingdom Hearts II,Boss Fight Books
Kitchen Witch,Kitchen Witch,Simon & Schuster
Kitty Genovese,Kitty Genovese,Skyhorse Publishing
Knit 2 Together,Knit 2 Together,Open Road Media
Knit a Hat,Knit a Hat,Abrams Books
Knit & Purl Pets,Knit & Purl Pets,Open Road Media
Knit It!,Knit It!,Open Road Media
Knit Like a Latvian,Knit Like a Latvian,Open Road Media
"Knit Me, Dress Me, Love Me","Knit Me, Dress Me, Love Me",Open Road Media
Knit the Alphabet,Knit the Alphabet,Open Road Media
Knit to Flatter,Knit to Flatter,Open Road Media
Knit Wear Love,Knit Wear Love,Open Road Media
Knitalong,Knitalong,Open Road Media
Knitlandia,Knitlandia,Open Road Media
Knits for Nerds,Knits for Nerds,Open Road Media
Knitspeak,Knitspeak,Open Road Media
Knitstrips,Knitstrips,Abrams Books
Knitted Animal Friends,Knitted Animal Friends,Open Road Media
Knitted Animal Socks,Knitted Animal Socks,Open Road Media
Knitted Cats & Dogs,Knitted Cats & Dogs,Open Road Media
Knitted Gifts for All Seasons,Knitted Gifts for All Seasons,Abrams Books
Knitted Rabbits,Knitted Rabbits,Open Road Media
Knitted Socks East and West,Knitted Socks East and West,Open Road Media
Knitted Toy Tales,Knitted Toy Tales,Open Road Media
Knitted Wild Animal Friends,Knitted Wild Animal Friends,Open Road Media
Knitting 101,Knitting 101,Open Road Media
Knitting 24/7,Knitting 24/7,Open Road Media
"Knitting All Around Stitch Dictionary: 150 new stitch patterns to knit top down, bottom up, back and forth & in the round","Knitting All Around Stitch Dictionary: 150 new stitch patterns to knit top down, bottom up, back and forth & in the round",Abrams Books
Knitting by Design,Knitting by Design,Open Road Media
Knitting California: 26 Easy-To-Follow Designs For Beautiful Beanies Inspired By the Golden State,Knitting California: 26 Easy-To-Follow Designs For Beautiful Beanies Inspired By the Golden State,Insight Editions
Knitting Classic Style,Knitting Classic Style,Open Road Media
Knitting For Dummies,Knitting For Dummies,Wiley
Knitting for Peace: Make the World a Better Place One Stitch at a Time,Knitting for Peace: Make the World a Better Place One Stitch at a Time,Open Road Media
Knitting for Radical Self-Care,Knitting for Radical Self-Care,Abrams Books
Knitting for the Absolute Beginner,Knitting for the Absolute Beginner,Open Road Media
Knitting New Mittens & Gloves,Knitting New Mittens & Gloves,Open Road Media
Knitting New Scarves,Knitting New Scarves,Open Road Media
Knitting Pretty,Knitting Pretty,Open Road Media
Knitting Scarves from Around the World,Knitting Scarves from Around the World,Open Road Media
Knitting Sweaters from Around the World,Knitting Sweaters from Around the World,Open Road Media
Knitting the National Parks: 63 Easy-To-Follow Designs For Beautiful Beanies Inspired By the Us National Parks (Knitting Books and Patterns),Knitting the National Parks: 63 Easy-To-Follow Designs For Beautiful Beanies Inspired By the Us National Parks (Knitting Books and Patterns),Insight Editions
Knitting Through It,Knitting Through It,Open Road Media
"Knitting Van Gogh: Knit Your Own Masterpiece, Inspired By the Work of Vincent Van Gogh","Knitting Van Gogh: Knit Your Own Masterpiece, Inspired By the Work of Vincent Van Gogh",Insight Editions
Korean Barbecue at Home,Korean Barbecue at Home,Callisto Publishing
Kotlin Cookbook,Kotlin Cookbook,O'Reilly
Kotlin Design Patterns and Best Practices,Kotlin Design Patterns and Best Practices,Packt
kubectl: Command-Line Kubernetes in a Nutshell,kubectl: Command-Line Kubernetes in a Nutshell,Packt
Kubeflow Operations Guide,Kubeflow Operations Guide,O'Reilly
Kubernetes - A Complete DevOps Cookbook,Kubernetes - A Complete DevOps Cookbook,Packt
Kubernetes and Docker - An Enterprise Guide,Kubernetes and Docker - An Enterprise Guide,Packt
Kubernetes Best Practices,Kubernetes Best Practices,O'Reilly
Kubernetes in Production Best Practices,Kubernetes in Production Best Practices,Packt
Kubernetes: Up and Running,Kubernetes: Up and Running,O'Reilly
The Kubernetes Workshop,The Kubernetes Workshop,Packt
Kwaidan,Kwaidan,Stone Bridge Press
La Vie Rustic,La Vie Rustic,Open Road Media
"Land of Lisp: Learn to Program in Lisp, One Game at a Time!","Land of Lisp: Learn to Program in Lisp, One Game at a Time!",No Starch Press
The Language of Leadership,The Language of Leadership,Berrett Koehler
Last Girl Gone: A Laura Chambers Novel,Last Girl Gone: A Laura Chambers Novel,Penguin Random House US
Lavash,Lavash,Chronicle Books
Laws of UX,Laws of UX,O'Reilly
Layout Essentials Revised and Updated,Layout Essentials Revised and Updated,The Quarto Group
Layout Workbook: Revised and Updated,Layout Workbook: Revised and Updated,The Quarto Group
Leader Phrase Book,Leader Phrase Book,Career Press
Leadership and Self-Deception: Getting Out of the Box,Leadership and Self-Deception: Getting Out of the Box,Berrett Koehler
Lean Software Systems Engineering for Developers,Lean Software Systems Engineering for Developers,Springer
Learn AI with Python,Learn AI with Python,Richdale Ventures
Learn AI-Assisted Python Programming,Learn AI-Assisted Python Programming,Manning Publications
Learn Amazon SageMaker,Learn Amazon SageMaker,Packt
Learn API Testing,Learn API Testing,Springer
Learn C Programming,Learn C Programming,Packt
Learn Computer Forensics,Learn Computer Forensics,Packt
"Learn Docker ,Ai Fundamentals of Docker 19.x","Learn Docker ,Ai Fundamentals of Docker 19.x",Packt
Learn Electronics with Arduino,Learn Electronics with Arduino,O'Reilly
Learn Functional Programming with Elixir,Learn Functional Programming with Elixir,Pragmatic Programmers
Learn Java 17 Programming 2nd Edition,Learn Java 17 Programming 2nd Edition,Packt
Learn Java the Easy Way: A Hands-On Introduction to Programming,Learn Java the Easy Way: A Hands-On Introduction to Programming,No Starch Press
Learn Kali Linux 2019,Learn Kali Linux 2019,Packt
Learn Kubernetes Security,Learn Kubernetes Security,Packt
Learn PostgreSQL,Learn PostgreSQL,Packt
Learn Power BI,Learn Power BI,Packt
Learn Python Programming,Learn Python Programming,Packt
Learn Python Visually: Creative Coding with Processing.py,Learn Python Visually: Creative Coding with Processing.py,No Starch Press
Learn Quantum Computing with Python and IBM Quantum Experience,Learn Quantum Computing with Python and IBM Quantum Experience,Packt
Learn Quantum Computing with Python and Q#,Learn Quantum Computing with Python and Q#,Manning Publications
Learn React Hooks,Learn React Hooks,Packt
Learn React with TypeScript,Learn React with TypeScript,Packt
Learn SQL Database Programming,Learn SQL Database Programming,Packt
Learn Swift by Building Applications,Learn Swift by Building Applications,Packt
Learn to Code by Solving Problems,Learn to Code by Solving Problems,No Starch Press
Learn to Code with JavaScript,Learn to Code with JavaScript,SitePoint
Learn to Program with Minecraft: Transform Your World with the Power of Python,Learn to Program with Minecraft: Transform Your World with the Power of Python,No Starch Press
Learn to Weld: Beginning MIG Welding and Metal Fabrication Basics,Learn to Weld: Beginning MIG Welding and Metal Fabrication Basics,The Quarto Group
Learn T-SQL Querying,Learn T-SQL Querying,Packt
Learn Wireshark,Learn Wireshark,Packt
Learn You A Haskell for Great Good!,Learn You A Haskell for Great Good!,No Starch Press
Learn You Some Erlang for Great Good!,Learn You Some Erlang for Great Good!,No Starch Press
Learning Algorithms,Learning Algorithms,O'Reilly
"Learning C# by Developing Games with Unity 2020, Fifth Edition","Learning C# by Developing Games with Unity 2020, Fifth Edition",Packt
Learning Dapr,Learning Dapr,O'Reilly
Learning Deep Learning,Learning Deep Learning,Pearson
Learning DevOps,Learning DevOps,Packt
Learning Domain-Driven Design,Learning Domain-Driven Design,O'Reilly
Learning GraphQL,Learning GraphQL,O'Reilly
Learning Helm,Learning Helm,O'Reilly
"Learning Java, 5E","Learning Java, 5E",O'Reilly
Learning Java by Building Android Games,Learning Java by Building Android Games,Packt
Learning JavaScript,Learning JavaScript,O'Reilly
Learning Kali Linux,Learning Kali Linux,O'Reilly
Learning OpenCV 4 Computer Vision with Python 3,Learning OpenCV 4 Computer Vision with Python 3,Packt
"Learning Perl, 7E","Learning Perl, 7E",O'Reilly
"Learning Perl, 8E","Learning Perl, 8E",O'Reilly
"Learning PHP, MySQL & JavaScript","Learning PHP, MySQL & JavaScript",O'Reilly
"Learning PHP, MySQL & JavaScript 5E","Learning PHP, MySQL & JavaScript 5E",O'Reilly
Learning Python with Raspberry Pi,Learning Python with Raspberry Pi,Wiley
Learning React1,Learning React1,O'Reilly
Learning RxJava,Learning RxJava,Packt
Learning Serverless,Learning Serverless,O'Reilly
Learning Spring Boot 2.0,Learning Spring Boot 2.0,Packt
"Learning SQL, 3E","Learning SQL, 3E",O'Reilly
"Learning SQL, 3rd Edition","Learning SQL, 3rd Edition",O'Reilly
Learning Systems Thinking,Learning Systems Thinking,O'Reilly
Learning Tableau 2020,Learning Tableau 2020,Packt
"Learning the bash Shell, 3rd Edition","Learning the bash Shell, 3rd Edition",O'Reilly
"Learning the vi and Vim Editors, 7th Edition","Learning the vi and Vim Editors, 7th Edition",O'Reilly
Learning to Thrive,Learning to Thrive,Callisto Publishing
Learning with Support Vector Machines,Learning with Support Vector Machines,Morgan & Claypool Publishers
Leg Armor Pattern Collection,Leg Armor Pattern Collection,Kamui Cosplay
"Lena Corwin's Made by Hand: A Collection of Projects to Print, Sew, Weave, Dye, Knit, or Otherwise Create","Lena Corwin's Made by Hand: A Collection of Projects to Print, Sew, Weave, Dye, Knit, or Otherwise Create",Abrams Books
Let Us Give Thanks,Let Us Give Thanks,Mango Media
Let's Get Lost,Let's Get Lost,The Quarto Group
Leveling Up with SQL,Leveling Up with SQL,Springer
Liars and Outliers: Enabling the Trust that Society Needs to Thrive,Liars and Outliers: Enabling the Trust that Society Needs to Thrive,Wiley
Lies She Told: A Novel,Lies She Told: A Novel,Penguin Random House US
Life Hacks,Life Hacks,Simon & Schuster
Life Unplugged: A Digital Detox Workbook,Life Unplugged: A Digital Detox Workbook,The Quarto Group
"Lifelong Machine Learning, Second Edition","Lifelong Machine Learning, Second Edition",Morgan & Claypool Publishers
Linear Algebra,Linear Algebra,"Walter De Gruyter, Inc."
Linear Electronics,Linear Electronics,River Publishers
"Linux Basics for Hackers: Getting Started with Networking, Scripting, and Security in Kali","Linux Basics for Hackers: Getting Started with Networking, Scripting, and Security in Kali",No Starch Press
The Linux Command Line: A Complete Introduction,The Linux Command Line: A Complete Introduction,No Starch Press
Linux Device Drivers,Linux Device Drivers,O'Reilly
The Linux DevOps Handbook,The Linux DevOps Handbook,Packt
Linux for Makers,Linux for Makers,O'Reilly
Linux in a Nutshell,Linux in a Nutshell,O'Reilly
Linux Observability with BPF,Linux Observability with BPF,O'Reilly
Linux Pocket Guide,Linux Pocket Guide,O'Reilly
"Linux Pocket Guide, 3rd Edition","Linux Pocket Guide, 3rd Edition",O'Reilly
The Linux Programming Interface: A Linux and UNIX System Programming Handbook,The Linux Programming Interface: A Linux and UNIX System Programming Handbook,No Starch Press
Linux Shell Programming Pocket Primer,Linux Shell Programming Pocket Primer,"Walter De Gruyter, Inc."
Linux System Programming,Linux System Programming,O'Reilly
Literary Places,Literary Places,The Quarto Group
The Little Book of Japanese Living,The Little Book of Japanese Living,The Quarto Group
The Little Book of Scandi Living,The Little Book of Scandi Living,The Quarto Group
Little Girl Lost,Little Girl Lost,Titan Publishing Group
Little Happy Circus,Little Happy Circus,Open Road Media
Little Old Lady Recipes,Little Old Lady Recipes,Penguin Random House US
Little Shoes,Little Shoes,Skyhorse Publishing
LLM Engineer's Handbook,LLM Engineer's Handbook,Packt
"Locke & Key, Vol 1","Locke & Key, Vol 1",IDW Publishing
The Long-Distance Teammate,The Long-Distance Teammate,Berrett Koehler
Lose Your Belly Fat Cookbook,Lose Your Belly Fat Cookbook,Callisto Publishing
"Lotta Jansdotter Paper, Pattern, Play","Lotta Jansdotter Paper, Pattern, Play",Abrams Books
Love and Asperger's,Love and Asperger's,Callisto Publishing
Love Poems of Rumi: Translated by Nader Khalili,Love Poems of Rumi: Translated by Nader Khalili,The Quarto Group
LPI Linux Essentials Study Guide: Exam 010 v1.6,LPI Linux Essentials Study Guide: Exam 010 v1.6,Wiley
LPIC-1 Linux Professional Institute Certification Study Guide: Exam 101-500 and Exam 102-500,LPIC-1 Linux Professional Institute Certification Study Guide: Exam 101-500 and Exam 102-500,Wiley
Mabel Bunny & Co.,Mabel Bunny & Co.,Open Road Media
Machine Learning Bookcamp,Machine Learning Bookcamp,Manning Publications
Machine Learning Cookbook with Python,Machine Learning Cookbook with Python,Richdale Ventures
Machine Learning Engineering on AWS,Machine Learning Engineering on AWS,Packt
Machine Learning Engineering with Python,Machine Learning Engineering with Python,Packt
"Machine Learning for Algorithmic Trading, Second Edition","Machine Learning for Algorithmic Trading, Second Edition",Packt
Machine Learning for Beginners,Machine Learning for Beginners,Richdale Ventures
Machine Learning for Finance,Machine Learning for Finance,Richdale Ventures
Machine Learning for Time Series Forecasting with Python,Machine Learning for Time Series Forecasting with Python,Wiley
Machine Learning for Time-Series with Python,Machine Learning for Time-Series with Python,Packt
"Machine Learning: Hands-On for Developers and Technical Professionals, 2nd Edition","Machine Learning: Hands-On for Developers and Technical Professionals, 2nd Edition",Wiley
Machine Learning in Microservices,Machine Learning in Microservices,Packt
Machine Learning in Production,Machine Learning in Production,Pearson
Machine Learning (Master Supervised and Unsupervised Learning Algorithms with Real Examples),Machine Learning (Master Supervised and Unsupervised Learning Algorithms with Real Examples),Richdale Ventures
"Machine Learning Methods for Signal, Image and Speech Processing","Machine Learning Methods for Signal, Image and Speech Processing",River Publishers
Machine Learning Model Serving Patterns and Best Practices,Machine Learning Model Serving Patterns and Best Practices,Packt
Machine Learning Pocket Reference,Machine Learning Pocket Reference,O'Reilly
Machine Learning Security Principles,Machine Learning Security Principles,Packt
The Machine Learning Solutions Architect Handbook,The Machine Learning Solutions Architect Handbook,Packt
Machine Learning Using TensorFlow Cookbook,Machine Learning Using TensorFlow Cookbook,Packt
Machine Learning with Python,Machine Learning with Python,Richdale Ventures
Machine Learning with PyTorch and Scikit-Learn,Machine Learning with PyTorch and Scikit-Learn,Packt
Machine Learning with R - Fourth Edition,Machine Learning with R - Fourth Edition,Packt
Machine Learning with Spark and Python: Essential Techniques for Predictive Analytics,Machine Learning with Spark and Python: Essential Techniques for Predictive Analytics,Wiley
Machine Methods,Machine Methods,"Walter De Gruyter, Inc."
Maching Learning Pocket Reference,Maching Learning Pocket Reference,O'Reilly
Macroeconomics,Macroeconomics,Penguin Random House US
Magic of Mini Pies,Magic of Mini Pies,Skyhorse Publishing
The Magic of Pockets,The Magic of Pockets,Microcosm
Magical,Magical,Corel Corporation
MagPi #100,MagPi #100,Raspberry Pi Press
MagPi #101,MagPi #101,Raspberry Pi Press
MagPi #102,MagPi #102,Raspberry Pi Press
MagPi #103,MagPi #103,Raspberry Pi Press
MagPi #104,MagPi #104,Raspberry Pi Press
MagPi #105,MagPi #105,Raspberry Pi Press
MagPi #106,MagPi #106,Raspberry Pi Press
MagPi #107,MagPi #107,Raspberry Pi Press
MagPi #108,MagPi #108,Raspberry Pi Press
MagPi #109,MagPi #109,Raspberry Pi Press
MagPi #110,MagPi #110,Raspberry Pi Press
MagPi #98,MagPi #98,Raspberry Pi Press
MagPi #99,MagPi #99,Raspberry Pi Press
"Magpies, Homebodies, and Nomads: A Modern Knitter's Guide to Discovering and Exploring Style","Magpies, Homebodies, and Nomads: A Modern Knitter's Guide to Discovering and Exploring Style",Abrams Books
Majora's Mask,Majora's Mask,Boss Fight Books
Make a Mind-Controlled Arduino Robot,Make a Mind-Controlled Arduino Robot,O'Reilly
Make: A Raspberry Pi-Controlled Robot,Make: A Raspberry Pi-Controlled Robot,O'Reilly
"Make: Action: Movement, Light, and Sound with Arduino and Raspberry Pi","Make: Action: Movement, Light, and Sound with Arduino and Raspberry Pi",O'Reilly
Make an Arduino-Controlled Robot,Make an Arduino-Controlled Robot,O'Reilly
Make: Analog Synthesizers: Make Electronic Sounds the Synth-DIY Way,Make: Analog Synthesizers: Make Electronic Sounds the Synth-DIY Way,O'Reilly
Make: Arduino Bots and Gadgets,Make: Arduino Bots and Gadgets,O'Reilly
Make: Atmospheric Monitoring with Arduino,Make: Atmospheric Monitoring with Arduino,O'Reilly
Make: AVR Programming,Make: AVR Programming,O'Reilly
Make: Basic Arduino Projects,Make: Basic Arduino Projects,O'Reilly
Make: Bicycle Projects,Make: Bicycle Projects,O'Reilly
Make: Bluetooth,Make: Bluetooth,O'Reilly
Make: DIY Bookbinding,Make: DIY Bookbinding,O'Reilly
Make: Drones,Make: Drones,O'Reilly
Make: Easy 1+2+3 Projects,Make: Easy 1+2+3 Projects,O'Reilly
Make: Edible Inventions,Make: Edible Inventions,O'Reilly
"Make: Electronics, 2nd Edition","Make: Electronics, 2nd Edition",O'Reilly
Make: Electronics (Learning by Discovery),Make: Electronics (Learning by Discovery),O'Reilly
Make: Environmental Monitoring with Arduino,Make: Environmental Monitoring with Arduino,O'Reilly
Make: Fabric and Fiber Inventions,Make: Fabric and Fiber Inventions,O'Reilly
Make: Fashioning Technology A DIY Intro to Smart Crafting,Make: Fashioning Technology A DIY Intro to Smart Crafting,O'Reilly
Make: Forrest Mims' Science Experiments,Make: Forrest Mims' Science Experiments,O'Reilly
Make: FPGAs,Make: FPGAs,O'Reilly
Make: Fun!,Make: Fun!,O'Reilly
"Make: Fusion 360 for Makers, 2nd Edition","Make: Fusion 360 for Makers, 2nd Edition",O'Reilly
Make: Geometry,Make: Geometry,O'Reilly
"Make: Getting Started with 3D Printing, 2nd edition","Make: Getting Started with 3D Printing, 2nd edition",O'Reilly
Make: Getting Started with Adafruit FLORA,Make: Getting Started with Adafruit FLORA,O'Reilly
"Make: Getting Started with Arduino, 3rd Edition","Make: Getting Started with Arduino, 3rd Edition",O'Reilly
Make: Getting Started with CNC,Make: Getting Started with CNC,O'Reilly
Make: Getting Started with Drones,Make: Getting Started with Drones,O'Reilly
"Make: Getting Started with Processing, 2nd Edition","Make: Getting Started with Processing, 2nd Edition",O'Reilly
"Make: Getting Started with Raspberry Pi, 3rd Edition","Make: Getting Started with Raspberry Pi, 3rd Edition",O'Reilly
Make: Getting Started with Soldering,Make: Getting Started with Soldering,O'Reilly
Make: Getting Started with the micro:bit,Make: Getting Started with the micro:bit,O'Reilly
Make: How to Use a Breadboard!,Make: How to Use a Breadboard!,O'Reilly
Make: Illustrated Guide to Astronomical Wonders,Make: Illustrated Guide to Astronomical Wonders,O'Reilly
Make: Illustrated Guide to Home Biology Experiments,Make: Illustrated Guide to Home Biology Experiments,O'Reilly
Make: Illustrated Guide to Home Chemistry Experiments,Make: Illustrated Guide to Home Chemistry Experiments,O'Reilly
Make: Illustrated Guide to Home Forensic Science Experiments,Make: Illustrated Guide to Home Forensic Science Experiments,O'Reilly
Make Ink: A Forager's Guide to Natural Inkmaking,Make Ink: A Forager's Guide to Natural Inkmaking,Abrams Books
Make: Inventing a Better Mousetrap,Make: Inventing a Better Mousetrap,O'Reilly
Make: JavaScript Robotics,Make: JavaScript Robotics,O'Reilly
Make: Learn Electronics with Arduino,Make: Learn Electronics with Arduino,O'Reilly
Make: Lego and Arduino Projects,Make: Lego and Arduino Projects,O'Reilly
Make: Like The Pioneers,Make: Like The Pioneers,O'Reilly
Make: Magazine Vol. 70: We Can’t Quit You,Make: Magazine Vol. 70: We Can’t Quit You,O'Reilly
Make: Magazine Vol. 71: Fix Our Planet,Make: Magazine Vol. 71: Fix Our Planet,O'Reilly
Make: Magazine Vol. 72: Private By Design,Make: Magazine Vol. 72: Private By Design,O'Reilly
Make: Magazine Vol. 73,Make: Magazine Vol. 73,O'Reilly
"Make: Magazine, Volume 65","Make: Magazine, Volume 65",O'Reilly
Make: Make It Glow,Make: Make It Glow,O'Reilly
Make: Maker Projects Guide,Make: Maker Projects Guide,O'Reilly
Make: Making Simple Robots,Make: Making Simple Robots,O'Reilly
Make: Mechanical Engineering for Makers,Make: Mechanical Engineering for Makers,O'Reilly
Make: Minecraft for Makers,Make: Minecraft for Makers,O'Reilly
Make: More Electronics,Make: More Electronics,O'Reilly
Make: More Tinkering,Make: More Tinkering,O'Reilly
Make: Musical Inventions,Make: Musical Inventions,O'Reilly
Make: Paper Inventions,Make: Paper Inventions,O'Reilly
Make: Planes Gliders and Paper Rockets,Make: Planes Gliders and Paper Rockets,O'Reilly
Make: Props and Costume Armor,Make: Props and Costume Armor,O'Reilly
Make Python Talk,Make Python Talk,No Starch Press
Make: Raspberry Pi and AVR Projects,Make: Raspberry Pi and AVR Projects,O'Reilly
Make: School's Out Summer Fun Guide,Make: School's Out Summer Fun Guide,O'Reilly
Make: Sensors,Make: Sensors,O'Reilly
Make Softies,Make Softies,Open Road Media
Make: Start Making!,Make: Start Making!,O'Reilly
Make: Tech DIY,Make: Tech DIY,O'Reilly
Make: Technology on Your Time Volume 35: The Danger Issue,Make: Technology on Your Time Volume 35: The Danger Issue,O'Reilly
Make: Technology on Your Time Volume 36: Board Games,Make: Technology on Your Time Volume 36: Board Games,O'Reilly
Make: Technology on Your Time Volume 41: Best Toys for Makers,Make: Technology on Your Time Volume 41: Best Toys for Makers,O'Reilly
Make: The Annotated Build-It-Yourself Science Laboratory,Make: The Annotated Build-It-Yourself Science Laboratory,O'Reilly
"Make: Tinkering, 2nd Edition","Make: Tinkering, 2nd Edition",O'Reilly
Make: Tips and Tales from the Workshop,Make: Tips and Tales from the Workshop,O'Reilly
Make: Tools,Make: Tools,O'Reilly
Make: Volume 73: DIY Heroes,Make: Volume 73: DIY Heroes,O'Reilly
"Make: Wearable Electronics: Design, Prototype, and Wear Your Own Interactive Garments","Make: Wearable Electronics: Design, Prototype, and Wear Your Own Interactive Garments",O'Reilly
Make Your Own Crochet Animals,Make Your Own Crochet Animals,Open Road Media
"Make: Zero to Maker, 2nd Edition","Make: Zero to Maker, 2nd Edition",O'Reilly
Make: Zero to Maker: Learn (Just Enough) to Make (Just About) Anything,Make: Zero to Maker: Learn (Just Enough) to Make (Just About) Anything,O'Reilly
The Maker Magician's Handbook,The Maker Magician's Handbook,O'Reilly
The Maker's Manual: A Practical Guide to the New Industrial Revolution,The Maker's Manual: A Practical Guide to the New Industrial Revolution,O'Reilly
"Making and Breaking the Grid, Second Edition, Updated and Expanded","Making and Breaking the Grid, Second Edition, Updated and Expanded",The Quarto Group
Making Dough,Making Dough,Quirk Books
Making Makers,Making Makers,O'Reilly
"Making Things See: 3D vision with Kinect, Processing, Arduino, and MakerBot","Making Things See: 3D vision with Kinect, Processing, Arduino, and MakerBot",O'Reilly
Making Things Smart,Making Things Smart,O'Reilly
"Making Things Talk, 3rd Edition","Making Things Talk, 3rd Edition",O'Reilly
"Making Things Talk: Using Sensors, Networks, and Arduino to See, Hear, and Feel Your World","Making Things Talk: Using Sensors, Networks, and Arduino to See, Hear, and Feel Your World",O'Reilly
Making Trousers for Men & Women,Making Trousers for Men & Women,The Quarto Group
Making Vegan Meat: The Plant-Based Food Science CookBook,Making Vegan Meat: The Plant-Based Food Science CookBook,Mango Media
Malware Analysis Techniques,Malware Analysis Techniques,Packt
Malware Analyst's Cookbook and DVD: Tools and Techniques for Fighting Malicious Code,Malware Analyst's Cookbook and DVD: Tools and Techniques for Fighting Malicious Code,Wiley
Mamushka,Mamushka,Open Road Media
Management 101,Management 101,Simon & Schuster
Manager's Answer Book,Manager's Answer Book,Career Press
"Managing Security Services in Heterogenous Networks: Confidentiality, Integrity, Availability, Authentication, and Access Control","Managing Security Services in Heterogenous Networks: Confidentiality, Integrity, Availability, Authentication, and Access Control",Taylor & Francis Group
Managing State in Flutter Pragmatically,Managing State in Flutter Pragmatically,Packt
Mandarin Phrasebook,Mandarin Phrasebook,Lonely Planet
Mango & Peppercorns,Mango & Peppercorns,Chronicle Books
"Manhattan Cult Story: My Unbelievable True Story of Sex, Crimes, Chaos, and Survival","Manhattan Cult Story: My Unbelievable True Story of Sex, Crimes, Chaos, and Survival",Skyhorse Publishing
Marshmallow Madness!,Marshmallow Madness!,Quirk Books
Mary's Mosaic,Mary's Mosaic,Skyhorse Publishing
Mason Jar Cookbook,Mason Jar Cookbook,Skyhorse Publishing
Masquerade,Masquerade,Dynamite Entertainment
MASTER REACT IN 5 DAYS,MASTER REACT IN 5 DAYS,Springer
MASTER VUE.JS IN 6 DAYS,MASTER VUE.JS IN 6 DAYS,Springer
Mastering API Architecture,Mastering API Architecture,O'Reilly
Mastering Art of Chinese Cook,Mastering Art of Chinese Cook,Chronicle Books
Mastering Azure API Management,Mastering Azure API Management,Springer
Mastering Azure Machine Learning,Mastering Azure Machine Learning,Packt
Mastering Azure Security,Mastering Azure Security,Packt
Mastering Defensive Security,Mastering Defensive Security,Packt
Mastering Go,Mastering Go,Packt
Mastering GUI Programming with Python,Mastering GUI Programming with Python,Packt
Mastering Hand Building,Mastering Hand Building,The Quarto Group
Mastering Homebrew,Mastering Homebrew,Chronicle Books
Mastering iOS 14 Programming,Mastering iOS 14 Programming,Packt
Mastering Java 11,Mastering Java 11,Packt
Mastering Java Machine Learning,Mastering Java Machine Learning,Packt
Mastering Kali Linux for Advanced Penetration Testing,Mastering Kali Linux for Advanced Penetration Testing,Packt
Mastering Kubernetes,Mastering Kubernetes,Packt
Mastering Linux Security and Hardening,Mastering Linux Security and Hardening,Packt
Mastering Malware Analysis,Mastering Malware Analysis,Packt
Mastering Memory,Mastering Memory,Callisto Publishing
Mastering Microsoft Endpoint Manager,Mastering Microsoft Endpoint Manager,Packt
Mastering Microsoft Power BI,Mastering Microsoft Power BI,Packt
Mastering Modular JavaScript,Mastering Modular JavaScript,O'Reilly
MASTERING MYSQL ADMINISTRATION,MASTERING MYSQL ADMINISTRATION,Springer
Mastering NLP from Foundations to LLMs,Mastering NLP from Foundations to LLMs,Packt
Mastering Object-Oriented Python,Mastering Object-Oriented Python,Packt
Mastering Palo Alto Networks,Mastering Palo Alto Networks,Packt
Mastering PostgreSQL 17,Mastering PostgreSQL 17,Packt
Mastering Python,Mastering Python,Packt
Mastering PyTorch,Mastering PyTorch,Packt
Mastering React Test-Driven Development,Mastering React Test-Driven Development,Packt
Mastering Regular Expressions,Mastering Regular Expressions,O'Reilly
MASTERING REST APIS,MASTERING REST APIS,Springer
Mastering Spark with R,Mastering Spark with R,O'Reilly
"Mastering Swift 5, 5th Edition","Mastering Swift 5, 5th Edition",Packt
Mastering Tableau 2021,Mastering Tableau 2021,Packt
Mastering the Art of Flower Gardening,Mastering the Art of Flower Gardening,The Quarto Group
Mastering the Art of Vegetable Gardening,Mastering the Art of Vegetable Gardening,The Quarto Group
MASTERING THE SNOWFLAKE SQL API WITH LARAVEL 10,MASTERING THE SNOWFLAKE SQL API WITH LARAVEL 10,Springer
Mastering Transformers,Mastering Transformers,Packt
Mastering Windows Security and Hardening,Mastering Windows Security and Hardening,Packt
"Mastering Xamarin UI Development, 2nd Edition","Mastering Xamarin UI Development, 2nd Edition",Packt
Math Adventures with Python,Math Adventures with Python,No Starch Press
Math and Architectures of Deep Learning (MEAP),Math and Architectures of Deep Learning (MEAP),Manning Publications
Math for Programmers 1E,Math for Programmers 1E,Manning Publications
"Mathematical Basics of Motion and Deformation in Computer Graphics, Second Edition","Mathematical Basics of Motion and Deformation in Computer Graphics, Second Edition",Morgan & Claypool Publishers
Mathematical Methods for Physics Using MAPLE & MATLAB,Mathematical Methods for Physics Using MAPLE & MATLAB,"Walter De Gruyter, Inc."
Mathematical Mind-Benders,Mathematical Mind-Benders,Taylor & Francis Group
Mathematical Physics,Mathematical Physics,"Walter De Gruyter, Inc."
Mathematical Wizardry for a Gardner,Mathematical Wizardry for a Gardner,Taylor & Francis Group
Mathematics & Common Sense: A Case of Creative Tension,Mathematics & Common Sense: A Case of Creative Tension,Taylor & Francis Group
"Mathematics for Business, Seventh Edition","Mathematics for Business, Seventh Edition","Walter De Gruyter, Inc."
Mathematics for Computer Graphics and Game Programming,Mathematics for Computer Graphics and Game Programming,"Walter De Gruyter, Inc."
Mathematics for Mechanical Engineers Problems & Solutions,Mathematics for Mechanical Engineers Problems & Solutions,"Walter De Gruyter, Inc."
Mathematics of Keno and Lotteries,Mathematics of Keno and Lotteries,Taylor & Francis Group
MatLab for Engineering and Life Sciences,MatLab for Engineering and Life Sciences,Morgan & Claypool Publishers
Matrices in Engineering Problems,Matrices in Engineering Problems,Morgan & Claypool Publishers
The Max,The Max,Titan Publishing Group
Maximize Your Memory,Maximize Your Memory,Career Press
Maximizing Tableau Server,Maximizing Tableau Server,Packt
Maybe Swearing Will Help: Relax and Curse Your Ass Off In Cross-Stitch,Maybe Swearing Will Help: Relax and Curse Your Ass Off In Cross-Stitch,Insight Editions
mBot for Makers,mBot for Makers,O'Reilly
MCA Modern Desktop Administrator Practice Tests: Exam MD-100 and MD-101,MCA Modern Desktop Administrator Practice Tests: Exam MD-100 and MD-101,Wiley
MCA Modern Desktop Administrator Study Guide: Exam MD-100,MCA Modern Desktop Administrator Study Guide: Exam MD-100,Wiley
MCA Modern Desktop Administrator Study Guide: Exam MD-101,MCA Modern Desktop Administrator Study Guide: Exam MD-101,Wiley
Me and My Feelings,Me and My Feelings,Callisto Publishing
Mechanical Engineering and Mechatronics Handbook,Mechanical Engineering and Mechatronics Handbook,"Walter De Gruyter, Inc."
Mechanical Engineering Exam Prep,Mechanical Engineering Exam Prep,"Walter De Gruyter, Inc."
"Meditation Made Simple: Weekly Practices for Relieving Stress, Finding Balance, and Cultivating Joy","Meditation Made Simple: Weekly Practices for Relieving Stress, Finding Balance, and Cultivating Joy",The Quarto Group
Meet the Bad Guys,Meet the Bad Guys,Dynamite Entertainment
Mega Man 3,Mega Man 3,Boss Fight Books
Melly & Me,Melly & Me,Open Road Media
Memory,Memory,Penguin Random House US
Menopause: 50 Things You Need to Know,Menopause: 50 Things You Need to Know,Callisto Publishing
Mercury In Retrograde,Mercury In Retrograde,Simon & Schuster
MERN Projects for Beginners,MERN Projects for Beginners,Springer
Metal Gear Solid,Metal Gear Solid,Boss Fight Books
Metaprogramming Elixir,Metaprogramming Elixir,Pragmatic Programmers
Metaprogramming with Python,Metaprogramming with Python,Packt
Metasploit 5.0 for Beginners,Metasploit 5.0 for Beginners,Packt
Micro State Management with React Hooks,Micro State Management with React Hooks,Packt
Microcontroller and Smart Home Networks,Microcontroller and Smart Home Networks,River Publishers
Microservices Communication in .NET Using gRPC,Microservices Communication in .NET Using gRPC,Packt
Microservices Design Patterns in .NET,Microservices Design Patterns in .NET,Packt
Microservices in Action,Microservices in Action,Manning Publications
Microsoft 365 Security Administration: MS-500 Exam Guide,Microsoft 365 Security Administration: MS-500 Exam Guide,Packt
Microsoft Access 2019 Programming Pocket Primer,Microsoft Access 2019 Programming Pocket Primer,"Walter De Gruyter, Inc."
Microsoft Access 2021 Programming Pocket Primer,Microsoft Access 2021 Programming Pocket Primer,"Walter De Gruyter, Inc."
"Microsoft Azure Fundamentals Certification and Beyond, 1E","Microsoft Azure Fundamentals Certification and Beyond, 1E",Packt
"Microsoft Azure Fundamentals Certification and Beyond, 2E","Microsoft Azure Fundamentals Certification and Beyond, 2E",Packt
Microsoft Azure Security Technologies Certification and Beyond,Microsoft Azure Security Technologies Certification and Beyond,Packt
Microsoft Blazor,Microsoft Blazor,Springer
Microsoft Conversational AI Platform for Developers,Microsoft Conversational AI Platform for Developers,Springer
Microsoft Excel 2021 Programming Pocket Primer,Microsoft Excel 2021 Programming Pocket Primer,"Walter De Gruyter, Inc."
Microsoft Power BI Cookbook,Microsoft Power BI Cookbook,Packt
Microsoft Power BI Data Analyst Certification Guide,Microsoft Power BI Data Analyst Certification Guide,Packt
Microsoft Power BI Performance Best Practices,Microsoft Power BI Performance Best Practices,Packt
Microsoft Power BI Quick Start Guide,Microsoft Power BI Quick Start Guide,Packt
The Midlife Crisis of the Nuclear Nonproliferation Treaty,The Midlife Crisis of the Nuclear Nonproliferation Treaty,Morgan & Claypool Publishers
"Migrating to AWS: A Manager's Guide, 1e","Migrating to AWS: A Manager's Guide, 1e",O'Reilly
Milky Way Railroad,Milky Way Railroad,Stone Bridge Press
Millennial Money Makeover,Millennial Money Makeover,Career Press
The Minamata Story,The Minamata Story,Stone Bridge Press
Minard System,Minard System,Chronicle Books
"Mind Remedy: Discover, Make and Use Simple Objects to Nourish Your Soul","Mind Remedy: Discover, Make and Use Simple Objects to Nourish Your Soul",The Quarto Group
Mindful Art of Wild Swimming: Reflections for Zen Seekers,Mindful Art of Wild Swimming: Reflections for Zen Seekers,The Quarto Group
Mindful Crafting: The Maker's Creative Journey,Mindful Crafting: The Maker's Creative Journey,The Quarto Group
The Mindful Path Through Anxiety,The Mindful Path Through Anxiety,Callisto Publishing
Mindful Thoughts at Home: Finding heart in the home,Mindful Thoughts at Home: Finding heart in the home,The Quarto Group
Mindful Thoughts for Cyclists: Finding Balance on Two Wheels,Mindful Thoughts for Cyclists: Finding Balance on Two Wheels,The Quarto Group
"Mindful Thoughts for Makers: Connecting head, heart, hands","Mindful Thoughts for Makers: Connecting head, heart, hands",The Quarto Group
Mindful Thoughts for Mothers: A journey of loving-awareness,Mindful Thoughts for Mothers: A journey of loving-awareness,The Quarto Group
Mindful Thoughts for Stargazers: Find your inner universe,Mindful Thoughts for Stargazers: Find your inner universe,The Quarto Group
Mindful Thoughts for Walkers: Footnotes on the zen path,Mindful Thoughts for Walkers: Footnotes on the zen path,The Quarto Group
"Mindful Travelling: Journeying the world, discovering yourself","Mindful Travelling: Journeying the world, discovering yourself",The Quarto Group
Mindful Universe: A journey through the inner and outer cosmos,Mindful Universe: A journey through the inner and outer cosmos,The Quarto Group
Mindfulness and the Big Questions: Philosophy for now,Mindfulness and the Big Questions: Philosophy for now,The Quarto Group
Mindfulness at Work: Flourishing in The Workplace,Mindfulness at Work: Flourishing in The Workplace,The Quarto Group
Mindfulness for Stress Management,Mindfulness for Stress Management,Callisto Publishing
"Mindfulness for Students: Embracing Now, Looking to the Future","Mindfulness for Students: Embracing Now, Looking to the Future",The Quarto Group
Mindfulness in Music: Notes on Finding Life's Rhythm,Mindfulness in Music: Notes on Finding Life's Rhythm,The Quarto Group
Mindfulness in Sound: Tune in to the world around us,Mindfulness in Sound: Tune in to the world around us,The Quarto Group
Mindfulness Meditations for Anxiety,Mindfulness Meditations for Anxiety,Callisto Publishing
The Mindfulness Workbook for Depression,The Mindfulness Workbook for Depression,Callisto Publishing
Mindfulness Workbook for Stress Relief,Mindfulness Workbook for Stress Relief,Callisto Publishing
Minding the Machines: Building and Leading Data Science and Analytics Teams,Minding the Machines: Building and Leading Data Science and Analytics Teams,Wiley
Minecrafter's Cookbook,Minecrafter's Cookbook,Skyhorse Publishing
"Miniature Gardens: Design and create miniature fairy gardens, dish gardens, terrariums and more-indoors and out","Miniature Gardens: Design and create miniature fairy gardens, dish gardens, terrariums and more-indoors and out",The Quarto Group
Mining the Social Web,Mining the Social Web,O'Reilly
Mission Python,Mission Python,No Starch Press
ML.NET Revealed,ML.NET Revealed,Springer
Model Bakery Cookbook,Model Bakery Cookbook,Chronicle Books
Modern C,Modern C,Manning Publications
Modern DevOps Practices - Second Edition,Modern DevOps Practices - Second Edition,Packt
Modern Front-end Architecture,Modern Front-end Architecture,Springer
MODERN FULL-STACK DEVELOPMENT,MODERN FULL-STACK DEVELOPMENT,Springer
Modern Marketing Using AI,Modern Marketing Using AI,Richdale Ventures
Modern Python Cookbook,Modern Python Cookbook,Packt
Modern Scandinavian Baking,Modern Scandinavian Baking,Callisto Publishing
Modern Systems Programming with Scala Native,Modern Systems Programming with Scala Native,Pragmatic Programmers
Modern Time Series Forecasting with Python,Modern Time Series Forecasting with Python,Packt
Money Hacks,Money Hacks,Simon & Schuster
MongoDB Fundamentals,MongoDB Fundamentals,Packt
Monolith to Microservices,Monolith to Microservices,O'Reilly
Monte Carlo Methods: A Hands-On Computational Introduction Utilizing Excel,Monte Carlo Methods: A Hands-On Computational Introduction Utilizing Excel,Morgan & Claypool Publishers
"The Mood Elevator: Take Charge of Your Feelings, Become a Better You","The Mood Elevator: Take Charge of Your Feelings, Become a Better You",Berrett Koehler
"Moonlight Gratitude: 365 Nighttime Meditations for Deep, Tranquil Sleep All Year Long","Moonlight Gratitude: 365 Nighttime Meditations for Deep, Tranquil Sleep All Year Long",The Quarto Group
More Fast Food My Way,More Fast Food My Way,Open Road Media
Mother Knows Best: A Novel of Suspense,Mother Knows Best: A Novel of Suspense,Penguin Random House US
Motorcycling For Dummies,Motorcycling For Dummies,Wiley
Moving Hadoop to the Cloud,Moving Hadoop to the Cloud,O'Reilly
Mr. Boddington's Etiquette,Mr. Boddington's Etiquette,Chronicle Books
MS Excel 2019 Programming Pocket Primer,MS Excel 2019 Programming Pocket Primer,"Walter De Gruyter, Inc."
Muffins and Biscuits,Muffins and Biscuits,Chronicle Books
Multi-cloud for Developers,Multi-cloud for Developers,Packt
"Multiphysics Modeling Using COMSOL 5 and MATLAB, Second Edition","Multiphysics Modeling Using COMSOL 5 and MATLAB, Second Edition","Walter De Gruyter, Inc."
"Multirate Signal Processing for Communication Systems, Second Edition","Multirate Signal Processing for Communication Systems, Second Edition",River Publishers
Multithreading for Visual Effects,Multithreading for Visual Effects,Taylor & Francis Group
Multivariable and Vector Calculus,Multivariable and Vector Calculus,"Walter De Gruyter, Inc."
Murder of Marilyn Monroe,Murder of Marilyn Monroe,Skyhorse Publishing
Mushroom Cultivation,Mushroom Cultivation,The Quarto Group
Music Science,Music Science,River Publishers
Music Theory 101,Music Theory 101,Simon & Schuster
The MVVM Pattern in .NET MAUI,The MVVM Pattern in .NET MAUI,Packt
My Crochet Animals,My Crochet Animals,Open Road Media
My Crochet Doll,My Crochet Doll,Open Road Media
My Heart Sutra,My Heart Sutra,Stone Bridge Press
My Knitted Doll,My Knitted Doll,Open Road Media
My Lebanese Cookbook,My Lebanese Cookbook,Callisto Publishing
My Pretty Brown Doll,My Pretty Brown Doll,Abrams Books
The Mycocultural Revolution,The Mycocultural Revolution,Microcosm
MYSQL DATABASE SERVICE REVEALED,MYSQL DATABASE SERVICE REVEALED,Springer
The MySQL Workshop,The MySQL Workshop,Packt
Mystical Places,Mystical Places,The Quarto Group
Mythology 101,Mythology 101,Simon & Schuster
Naikan,Naikan,Stone Bridge Press
Nanotechnology Past and Present,Nanotechnology Past and Present,Morgan & Claypool Publishers
The Narcissism Recovery Workbook,The Narcissism Recovery Workbook,Callisto Publishing
Natashas,Natashas,Skyhorse Publishing
Natural Beauty Skin Care,Natural Beauty Skin Care,Callisto Publishing
The Natural Disaster Survival Handbook,The Natural Disaster Survival Handbook,Weldon Owen
Natural Language Processing and Machine Learning for Developers,Natural Language Processing and Machine Learning for Developers,"Walter De Gruyter, Inc."
"Natural Language Processing for Social Media, Third Edition","Natural Language Processing for Social Media, Third Edition",Morgan & Claypool Publishers
Natural Language Processing Fundamentals for Developers,Natural Language Processing Fundamentals for Developers,"Walter De Gruyter, Inc."
Natural Language Processing Using R Pocket Primer,Natural Language Processing Using R Pocket Primer,"Walter De Gruyter, Inc."
Natural Language Processing with Python and spaCy: A Practical Introduction,Natural Language Processing with Python and spaCy: A Practical Introduction,No Starch Press
Natural Language Processing with PyTorch,Natural Language Processing with PyTorch,O'Reilly
Natural Remedies for Sleep,Natural Remedies for Sleep,Callisto Publishing
NBA Jam,NBA Jam,Boss Fight Books
Negotiating 101,Negotiating 101,Simon & Schuster
Negotiating the Impossible: How to Break Deadlocks and Resolve Ugly Conflicts,Negotiating the Impossible: How to Break Deadlocks and Resolve Ugly Conflicts,Berrett Koehler
Negotiating With A Bully,Negotiating With A Bully,Red Wheel/Weiser
.NET Developers Guide to Augmented Reality in iOS,.NET Developers Guide to Augmented Reality in iOS,Springer
.NET MAUI Cross-Platform Application Development,.NET MAUI Cross-Platform Application Development,Packt
.NET MAUI for C# Developers,.NET MAUI for C# Developers,Packt
"Net Zeros and Ones: How Data Erasure Promotes Sustainability, Privacy, and Security","Net Zeros and Ones: How Data Erasure Promotes Sustainability, Privacy, and Security",Wiley
The Netherlands [NET],The Netherlands [NET],Lonely Planet
Network Programming with Go,Network Programming with Go,No Starch Press
Network Security and Cryptography,Network Security and Cryptography,"Walter De Gruyter, Inc."
"Networking for People Who Hate Networking, Second Edition","Networking for People Who Hate Networking, Second Edition",Berrett Koehler
Neural Network Methods for Natural Language Processing,Neural Network Methods for Natural Language Processing,Morgan & Claypool Publishers
Neurolinguistics,Neurolinguistics,Penguin Random House US
Neuroplasticity,Neuroplasticity,Penguin Random House US
Never Apply for a Job Again!,Never Apply for a Job Again!,Red Wheel/Weiser
Never Put A Cactus In The Bathroom,Never Put A Cactus In The Bathroom,Simon & Schuster
Never Use Futura,Never Use Futura,Chronicle Books
The New Bohemians Handbook: Come Home to Good Vibes,The New Bohemians Handbook: Come Home to Good Vibes,Abrams Books
The New Camp Cookbook,The New Camp Cookbook,The Quarto Group
The New Homemade Kitchen,The New Homemade Kitchen,Chronicle Books
New Honor Code,New Honor Code,Simon & Schuster
New World Sourdough,New World Sourdough,The Quarto Group
Newtonian Mechanics,Newtonian Mechanics,"Walter De Gruyter, Inc."
Next Generation Internet of Things,Next Generation Internet of Things,River Publishers
The Nightmare Before Dinner,The Nightmare Before Dinner,The Quarto Group
Nightmare Mode: A Boss Fight Books Anthology,Nightmare Mode: A Boss Fight Books Anthology,Boss Fight Books
Nihilism,Nihilism,Penguin Random House US
NLP with Python,NLP with Python,O'Reilly
No Nonsense: Time Management,No Nonsense: Time Management,Red Wheel/Weiser
No Plot? No Problem! revised,No Plot? No Problem! revised,Chronicle Books
No Starch Sampler,No Starch Sampler,No Starch Press
No-nonsense Cover Letters,No-nonsense Cover Letters,Career Press
Noodles Every Day,Noodles Every Day,Chronicle Books
Norah Gaughan's Knitted Cable Sourcebook: A Breakthrough Guide to Knitting with Cables and Designing Your Own,Norah Gaughan's Knitted Cable Sourcebook: A Breakthrough Guide to Knitting with Cables and Designing Your Own,Abrams Books
Norah Gaughan's Twisted Stitch Sourcebook,Norah Gaughan's Twisted Stitch Sourcebook,Abrams Books
"Not with a Bug, But with a Sticker: Attacks on Machine Learning Systems and What To Do About Them","Not with a Bug, But with a Sticker: Attacks on Machine Learning Systems and What To Do About Them",Wiley
Not Your Granny's Granny Squares,Not Your Granny's Granny Squares,Insight Editions
Nourished: The Plant-based Path to Health and Happiness,Nourished: The Plant-based Path to Health and Happiness,Mango Media
Now You See It and Other Essays on Design,Now You See It and Other Essays on Design,Chronicle Books
No-Waste Organic Gardening: Eco-friendly Solutions to Improve any Garden,No-Waste Organic Gardening: Eco-friendly Solutions to Improve any Garden,The Quarto Group
"Nuclear Power: Past, Present, and Future","Nuclear Power: Past, Present, and Future",Morgan & Claypool Publishers
Nuclear Weapons,Nuclear Weapons,Penguin Random House US
Numbers at Work: A Cultural Perspective,Numbers at Work: A Cultural Perspective,Taylor & Francis Group
"Numerical Methods in Engineering and Science ( C, C++, MATLAB)","Numerical Methods in Engineering and Science ( C, C++, MATLAB)","Walter De Gruyter, Inc."
Nutrition Facts,Nutrition Facts,Callisto Publishing
Object-Oriented Programming Languages and Event-Driven Programming,Object-Oriented Programming Languages and Event-Driven Programming,"Walter De Gruyter, Inc."
Object-Oriented Python,Object-Oriented Python,No Starch Press
Observability with Grafana,Observability with Grafana,Packt
The Occupation,The Occupation,Callisto Publishing
"Ocean Instrumentation, Electronics, and Energy","Ocean Instrumentation, Electronics, and Energy","Walter De Gruyter, Inc."
OCP Oracle Certified Professional Java SE 11 Programmer I Study Guide: Exam 1Z0-815,OCP Oracle Certified Professional Java SE 11 Programmer I Study Guide: Exam 1Z0-815,Wiley
OCP Oracle Certified Professional Java SE 11 Programmer II Study Guide: Exam 1Z0-816 and Exam 1Z0-817,OCP Oracle Certified Professional Java SE 11 Programmer II Study Guide: Exam 1Z0-816 and Exam 1Z0-817,Wiley
Off The Back Of A Truck,Off The Back Of A Truck,Simon & Schuster
Official Google Cloud Certified Professional Data Engineer Study Guide,Official Google Cloud Certified Professional Data Engineer Study Guide,Wiley
Official MacGyver Survival Manual,Official MacGyver Survival Manual,Weldon Owen
The Official Raspberry Pi Beginner's Guide 4th Edition,The Official Raspberry Pi Beginner's Guide 4th Edition,Raspberry Pi Press
The Official Raspberry Pi Projects Book 2021,The Official Raspberry Pi Projects Book 2021,Raspberry Pi Press
The Official Raspberry Pi Projects Book 2022,The Official Raspberry Pi Projects Book 2022,Raspberry Pi Press
"Oh, Tama!: A Mejiro Novel","Oh, Tama!: A Mejiro Novel",Stone Bridge Press
"Ok, Boomer","Ok, Boomer",Simon & Schuster
Old Man Drinks,Old Man Drinks,Penguin Random House US
On a Stick!,On a Stick!,Quirk Books
"Once Upon a Chef, the Cookbook","Once Upon a Chef, the Cookbook",Chronicle Books
One Little Secret: A Novel,One Little Secret: A Novel,Penguin Random House US
One Pan to Rule Them All,One Pan to Rule Them All,Skyhorse Publishing
"One Pan, Two Plates: More Than 70 Complete Weeknight Meals for Two","One Pan, Two Plates: More Than 70 Complete Weeknight Meals for Two",Chronicle Books
One Pot of the Day,One Pot of the Day,Weldon Owen
The One-Pot Weight Loss Plan,The One-Pot Weight Loss Plan,Callisto Publishing
"Online Social Networks Security: Principles, Algorithm, Applications, and Perspectives","Online Social Networks Security: Principles, Algorithm, Applications, and Perspectives",Taylor & Francis Group
The Only Leadership Book You'll Ever Need,The Only Leadership Book You'll Ever Need,Career Press
Open Source Projects - Beyond Code,Open Source Projects - Beyond Code,Packt
OpenGL Insights,OpenGL Insights,Taylor & Francis Group
Operating Systems,Operating Systems,"Walter De Gruyter, Inc."
Operationalizing Machine Learning Pipelines,Operationalizing Machine Learning Pipelines,Richdale Ventures
Optics: An Introduction,Optics: An Introduction,"Walter De Gruyter, Inc."
Optimization Using Linear Programming,Optimization Using Linear Programming,"Walter De Gruyter, Inc."
Organization Hacks,Organization Hacks,Simon & Schuster
The Origins of Life: A Cosmic Perspective,The Origins of Life: A Cosmic Perspective,Morgan & Claypool Publishers
Otaku Food! : Japanese Soul Food Inspired by Anime and Pop Culture,Otaku Food! : Japanese Soul Food Inspired by Anime and Pop Culture,Mango Media
Our Maker Life,Our Maker Life,Abrams Books
Outdoor Life: Hunting & Gathering Survival Manual,Outdoor Life: Hunting & Gathering Survival Manual,Weldon Owen
Outdoor Life: Prepare for Anything Survival Manual,Outdoor Life: Prepare for Anything Survival Manual,Weldon Owen
Outdoor Life: The Ultimate Survival Manual,Outdoor Life: The Ultimate Survival Manual,Weldon Owen
"Outside the Research Lab, Volume 1: Physics in the Arts, Architecture, and Design","Outside the Research Lab, Volume 1: Physics in the Arts, Architecture, and Design",Morgan & Claypool Publishers
"Outside the Research Lab, Volume 2: Physics in Vintage and Modern Transport","Outside the Research Lab, Volume 2: Physics in Vintage and Modern Transport",Morgan & Claypool Publishers
"Outside the Research Lab, Volume 3: Physics in Sport","Outside the Research Lab, Volume 3: Physics in Sport",Morgan & Claypool Publishers
The Outward Mindset: Seeing Beyond Ourselves,The Outward Mindset: Seeing Beyond Ourselves,Berrett Koehler
The Owl,The Owl,Dynamite Entertainment
"The Pain-Free Posture Handbook: 40 Dynamic, Easy Exercises to Look and Feel Your Best","The Pain-Free Posture Handbook: 40 Dynamic, Easy Exercises to Look and Feel Your Best",Callisto Publishing
Paint It!,Paint It!,Naraku Brock
Pairing Food and Wine For Dummies,Pairing Food and Wine For Dummies,Wiley
Paleo Grilling,Paleo Grilling,The Quarto Group
Pandas Basics,Pandas Basics,"Walter De Gruyter, Inc."
Pandas Brain Teasers,Pandas Brain Teasers,Pragmatic Programmers
Pantry Cocktails,Pantry Cocktails,Simon & Schuster
"Panty, Hip & Belt Pattern Collection","Panty, Hip & Belt Pattern Collection",Kamui Cosplay
Parallel Programming and Concurrency with C# 10 and .NET 6,Parallel Programming and Concurrency with C# 10 and .NET 6,Packt
Parson Gray Trade Quilts,Parson Gray Trade Quilts,Chronicle Books
Pasta by Hand: A Collection of Italy's Regional Hand-Shaped Pasta,Pasta by Hand: A Collection of Italy's Regional Hand-Shaped Pasta,Chronicle Books
Pasta Night,Pasta Night,Open Road Media
"PatternReview.com 1,000 Clever Sewing Shortcuts and Tips","PatternReview.com 1,000 Clever Sewing Shortcuts and Tips",The Quarto Group
"Patterns, Principles and Practices of Domain-Driven Design","Patterns, Principles and Practices of Domain-Driven Design",Wiley
Paul Kirk's Championship Barbecue,Paul Kirk's Championship Barbecue,The Quarto Group
Paul Rand: Conversations with Students,Paul Rand: Conversations with Students,Chronicle Books
Paul Rand: Inspiration and Process in Design,Paul Rand: Inspiration and Process in Design,Chronicle Books
Paula Scher,Paula Scher,Chronicle Books
Peanut Butter Comfort,Peanut Butter Comfort,Skyhorse Publishing
Peer-to-Peer Leadership,Peer-to-Peer Leadership,Berrett Koehler
Penetration Testing Azure for Ethical Hackers,Penetration Testing Azure for Ethical Hackers,Packt
The Pentester BluePrint: Starting a Career as an Ethical Hacker,The Pentester BluePrint: Starting a Career as an Ethical Hacker,Wiley
Pentesting Industrial Control Systems,Pentesting Industrial Control Systems,Packt
Pep Talks for Writers,Pep Talks for Writers,Chronicle Books
Perfectly Mindful Origami - Origami Zodiac East and West,Perfectly Mindful Origami - Origami Zodiac East and West,The Quarto Group
Perl One-Liners: 130 Programs That Get Things Done,Perl One-Liners: 130 Programs That Get Things Done,No Starch Press
Persona,Persona,Stone Bridge Press
Personal Finance 101,Personal Finance 101,Simon & Schuster
Phenomenology,Phenomenology,Penguin Random House US
Philosophy 101,Philosophy 101,Simon & Schuster
Philosophy on Tap: Pint-Sized Puzzles for the Pub Philosopher,Philosophy on Tap: Pint-Sized Puzzles for the Pub Philosopher,Wiley
PhotoshopElements 2018,PhotoshopElements 2018,"Walter De Gruyter, Inc."
PHP 8 Solutions,PHP 8 Solutions,Springer
"The Physics and Art of Photography, Volume 1: Geometry and the Nature of Light","The Physics and Art of Photography, Volume 1: Geometry and the Nature of Light",Morgan & Claypool Publishers
"The Physics and Art of Photography, Volume 2: Energy and Color","The Physics and Art of Photography, Volume 2: Energy and Color",Morgan & Claypool Publishers
"The Physics and Art of Photography, Volume 3: Detectors and the Meaning of Digital","The Physics and Art of Photography, Volume 3: Detectors and the Meaning of Digital",Morgan & Claypool Publishers
Physics and the Environment,Physics and the Environment,Morgan & Claypool Publishers
Physics and Video Analysis,Physics and Video Analysis,Morgan & Claypool Publishers
Physics Is…: The Physicist Explores Attributes of Physics,Physics Is…: The Physicist Explores Attributes of Physics,Morgan & Claypool Publishers
Physics Lab Experiments,Physics Lab Experiments,"Walter De Gruyter, Inc."
Pilates for Beginners,Pilates for Beginners,Callisto Publishing
Pitmaster,Pitmaster,The Quarto Group
Planning Your Escape,Planning Your Escape,Simon & Schuster
Plant-Powered Cooking: 52 Inspired Ideas for Growing and Cooking Yummy Good Food,Plant-Powered Cooking: 52 Inspired Ideas for Growing and Cooking Yummy Good Food,Mango Media
Play Matters,Play Matters,MIT Press
Play Your Way Sane,Play Your Way Sane,Simon & Schuster
PMP Project Management Professional Exam Study Guide: 2021 Exam Update,PMP Project Management Professional Exam Study Guide: 2021 Exam Update,Wiley
PMP Project Management Professional Practice Tests: 2021 Exam Update,PMP Project Management Professional Practice Tests: 2021 Exam Update,Wiley
Pocket Berlin [pk-BLN],Pocket Berlin [pk-BLN],Lonely Planet
The Pocket Carbohydrate Counter Guide for Diabetes,The Pocket Carbohydrate Counter Guide for Diabetes,Callisto Publishing
Pocket Copenhagen [pk-COP],Pocket Copenhagen [pk-COP],Lonely Planet
"The Pocket Guide to Dog Tricks: 101 Activities to Engage, Challenge, and Bond with Your Dog","The Pocket Guide to Dog Tricks: 101 Activities to Engage, Challenge, and Bond with Your Dog",The Quarto Group
Pocket Hong Kong [pk-HKO],Pocket Hong Kong [pk-HKO],Lonely Planet
Pocket Kyoto & Osaka [pk-KOS],Pocket Kyoto & Osaka [pk-KOS],Lonely Planet
Pocket London,Pocket London,Lonely Planet
Pocket Madrid [pk-MDR],Pocket Madrid [pk-MDR],Lonely Planet
Pocket Naples & the Amalfi Coast [pk-NAC],Pocket Naples & the Amalfi Coast [pk-NAC],Lonely Planet
Pocket Paris,Pocket Paris,Lonely Planet
Pocket Seoul [pk-SEO],Pocket Seoul [pk-SEO],Lonely Planet
Pocket Shanghai [pk-SHA],Pocket Shanghai [pk-SHA],Lonely Planet
Pocket Stockholm [pk-STO],Pocket Stockholm [pk-STO],Lonely Planet
Pocket Tokyo,Pocket Tokyo,Lonely Planet
The Pocket Universal Principles of Design,The Pocket Universal Principles of Design,The Quarto Group
Pocket Vienna [pk-VIN],Pocket Vienna [pk-VIN],Lonely Planet
Poetry 101,Poetry 101,Simon & Schuster
The Poker Face of Wall Street,The Poker Face of Wall Street,Wiley
Poker For Dummies,Poker For Dummies,Wiley
Poland [POL],Poland [POL],Lonely Planet
Polars Cookbook,Polars Cookbook,Packt
Polished Ruby Programming,Polished Ruby Programming,Packt
Pops!,Pops!,Quirk Books
Portugal [POR12],Portugal [POR12],Lonely Planet
The Positive Organization,The Positive Organization,Berrett Koehler
Postal,Postal,Boss Fight Books
PostgreSQL 16 Administration Cookbook,PostgreSQL 16 Administration Cookbook,Packt
POSTGRESQL SKILLS DEVELOPMENT ON CLOUD,POSTGRESQL SKILLS DEVELOPMENT ON CLOUD,Springer
Post-Truth,Post-Truth,Penguin Random House US
Power Of Collaboration,Power Of Collaboration,Career Press
The Power of Having Fun: How Meaningful Breaks Help You Get More Done,The Power of Having Fun: How Meaningful Breaks Help You Get More Done,Berrett Koehler
Power Of People Skills,Power Of People Skills,Career Press
Power Query Cookbook,Power Query Cookbook,Packt
"Powershell Cookbook, 4E","Powershell Cookbook, 4E",O'Reilly
Practical Ansible - Second Edition,Practical Ansible - Second Edition,Packt
Practical Automated Machine Learning on Azure,Practical Automated Machine Learning on Azure,O'Reilly
Practical Data Quality,Practical Data Quality,Packt
Practical Data Science with R,Practical Data Science with R,Manning Publications
Practical Data Science with SAP,Practical Data Science with SAP,O'Reilly
Practical Deep Learning: A Python-Based Introduction,Practical Deep Learning: A Python-Based Introduction,No Starch Press
"Practical Deep Learning for Cloud, Mobile, and Edge","Practical Deep Learning for Cloud, Mobile, and Edge",O'Reilly
Practical Discrete Mathematics,Practical Discrete Mathematics,Packt
Practical Enterprise React,Practical Enterprise React,Springer
Practical Entity Framework Core 6,Practical Entity Framework Core 6,Springer
Practical Full Stack Machine Learning,Practical Full Stack Machine Learning,Richdale Ventures
Practical Guide to Azure Cognitive Services,Practical Guide to Azure Cognitive Services,Packt
Practical Hardware Pentesting,Practical Hardware Pentesting,Packt
Practical Heat Transfer Using MATLAB and COMSOL,Practical Heat Transfer Using MATLAB and COMSOL,"Walter De Gruyter, Inc."
"Practical Industrial Cybersecurity: ICS, Industry 4.0, and IIoT","Practical Industrial Cybersecurity: ICS, Industry 4.0, and IIoT",Wiley
Practical Linux Forensics,Practical Linux Forensics,No Starch Press
Practical Machine Learning in R,Practical Machine Learning in R,Wiley
Practical Machine Learning with Spark,Practical Machine Learning with Spark,Richdale Ventures
Practical Microservices,Practical Microservices,Pragmatic Programmers
Practical Mobile Forensics,Practical Mobile Forensics,Packt
Practical Monitoring,Practical Monitoring,O'Reilly
PRACTICAL NEXT.JS FOR E-COMMERCE,PRACTICAL NEXT.JS FOR E-COMMERCE,Springer
Practical Organic Gardening,Practical Organic Gardening,The Quarto Group
Practical Paint.NET,Practical Paint.NET,Springer
Practical Process Automation,Practical Process Automation,O'Reilly
Practical Python Programming for IoT,Practical Python Programming for IoT,Packt
Practical Python Programming IoT,Practical Python Programming IoT,Packt
Practical Rendering and Computation with Direct3D 11,Practical Rendering and Computation with Direct3D 11,Taylor & Francis Group
"Practical Reverse Engineering: x86, x64, ARM, Windows Kernel, Reversing Tools, and Obfuscation","Practical Reverse Engineering: x86, x64, ARM, Windows Kernel, Reversing Tools, and Obfuscation",Wiley
Practical Solutions for Back Pain Relief,Practical Solutions for Back Pain Relief,Callisto Publishing
Practical SQL: A Beginner’s Guide to Storytelling with Data,Practical SQL: A Beginner’s Guide to Storytelling with Data,No Starch Press
Practical Svelte,Practical Svelte,Springer
Practical Synthetic Data Generation,Practical Synthetic Data Generation,O'Reilly
Practical Threat Intelligence and Data-Driven Threat Hunting,Practical Threat Intelligence and Data-Driven Threat Hunting,Packt
The Practical Witch's Almanac 2023,The Practical Witch's Almanac 2023,Microcosm
Practical Yoga Nidra,Practical Yoga Nidra,Callisto Publishing
Practices of the Python Pro,Practices of the Python Pro,Manning Publications
Pragmatic AI,Pragmatic AI,Pearson
Pragmatic Machine Learning with Python,Pragmatic Machine Learning with Python,Richdale Ventures
Pragmatic Scala,Pragmatic Scala,Pragmatic Programmers
Pragmatic Test-Driven Development in C# and .NET,Pragmatic Test-Driven Development in C# and .NET,Packt
"Predictive Analytics: Data Mining, Machine Learning and Data Science for Practitioners, 2/e","Predictive Analytics: Data Mining, Machine Learning and Data Science for Practitioners, 2/e",Pearson
Prep School,Prep School,Open Road Media
The Pressure Cooker Cookbook for Weight Loss,The Pressure Cooker Cookbook for Weight Loss,Callisto Publishing
Prevention Keto for Beginners,Prevention Keto for Beginners,Hearst Specials
Prevention Plant-Based Eating Made Easy,Prevention Plant-Based Eating Made Easy,Penguin Random House US
Prevention Plant-Based Meals,Prevention Plant-Based Meals,Hearst Specials
Prevention The Plant-Based Plan,Prevention The Plant-Based Plan,Penguin Random House US
Prevention Ultimate Eat Clean Cookbook,Prevention Ultimate Eat Clean Cookbook,Penguin Random House US
"The Principles of Beautiful Web Design, 4th Edition","The Principles of Beautiful Web Design, 4th Edition",SitePoint
The Principles of Object-Oriented JavaScript,The Principles of Object-Oriented JavaScript,No Starch Press
Prisoners of Our Thoughts: Viktor Frankl's Principles for Discovering Meaning in Life and Work,Prisoners of Our Thoughts: Viktor Frankl's Principles for Discovering Meaning in Life and Work,Berrett Koehler
Privilege Escalation Techniques,Privilege Escalation Techniques,Packt
Pro Angular,Pro Angular,Springer
Pro ASP.NET Core 6,Pro ASP.NET Core 6,Springer
Pro ASP.NET Core Identity,Pro ASP.NET Core Identity,Springer
Pro Cryptography and Cryptanalysis,Pro Cryptography and Cryptanalysis,Springer
Pro Data Visualization Using R and JavaScript,Pro Data Visualization Using R and JavaScript,Springer
Pro Microservices in .NET 6,Pro Microservices in .NET 6,Springer
PRO ORACLE SQL DEVELOPMENT,PRO ORACLE SQL DEVELOPMENT,Springer
Probability and Statistics for STEM: A Course in One Semester,Probability and Statistics for STEM: A Course in One Semester,Morgan & Claypool Publishers
Problem Solved,Problem Solved,Red Wheel/Weiser
Procrastination Cure,Procrastination Cure,Career Press
Productivity Hacks,Productivity Hacks,Simon & Schuster
Professional Android,Professional Android,Wiley
Professional Azure SQL Managed Database Administration,Professional Azure SQL Managed Database Administration,Packt
Professional C++,Professional C++,Wiley
Professional C# 7 and .NET Core 2.0,Professional C# 7 and .NET Core 2.0,Wiley
Professional GIT,Professional GIT,Wiley
Professional Java for Web Applications,Professional Java for Web Applications,Wiley
Professional JavaScript for Web Developers,Professional JavaScript for Web Developers,Wiley
Professional Python,Professional Python,Wiley
Professional React Native,Professional React Native,Packt
Professional SQL Server High Availability and Disaster Recovery,Professional SQL Server High Availability and Disaster Recovery,Packt
Professional WordPress: Design and Development 3e,Professional WordPress: Design and Development 3e,Wiley
"Professional WordPress Plugin Development, Second Edition","Professional WordPress Plugin Development, Second Edition",Wiley
Professor Risley,Professor Risley,Stone Bridge Press
Programmer Passport: Elixir,Programmer Passport: Elixir,Pragmatic Programmers
Programmer Passport: OTP,Programmer Passport: OTP,Pragmatic Programmers
Programmer Passport: Prolog,Programmer Passport: Prolog,Pragmatic Programmers
Programming Clojure,Programming Clojure,Pragmatic Programmers
Programming DSLs in Kotlin,Programming DSLs in Kotlin,Pragmatic Programmers
Programming Ecto,Programming Ecto,Pragmatic Programmers
Programming Elixir 1.6,Programming Elixir 1.6,Pragmatic Programmers
Programming Elm,Programming Elm,Pragmatic Programmers
Programming Fundamentals Using Java Second Edition,Programming Fundamentals Using Java Second Edition,"Walter De Gruyter, Inc."
Programming Fundamentals Using MATLAB,Programming Fundamentals Using MATLAB,"Walter De Gruyter, Inc."
Programming Interviews Exposed FOURTH EDITION: Coding Your Way Through the Interview,Programming Interviews Exposed FOURTH EDITION: Coding Your Way Through the Interview,Wiley
Programming Kotlin,Programming Kotlin,Pragmatic Programmers
Programming Machine Learning,Programming Machine Learning,Pragmatic Programmers
Programming ML.NET,Programming ML.NET,Pearson
Programming Phoenix 1.4,Programming Phoenix 1.4,Pragmatic Programmers
"Programming PHP, 4E","Programming PHP, 4E",O'Reilly
"Programming PHP, 4th Edition","Programming PHP, 4th Edition",O'Reilly
Programming Quantum Computers,Programming Quantum Computers,O'Reilly
Programming Rust,Programming Rust,O'Reilly
"Programming Scala, 2E","Programming Scala, 2E",O'Reilly
"Programming Scala, 3E","Programming Scala, 3E",O'Reilly
Programming the Internet of Things,Programming the Internet of Things,O'Reilly
Programming the TI-83 Plus/TI-84 Plus,Programming the TI-83 Plus/TI-84 Plus,Manning Publications
Programming TypeScript,Programming TypeScript,O'Reilly
Programming with OpenSCAD,Programming with OpenSCAD,No Starch Press
Programming with Types,Programming with Types,Manning Publications
Progress Over Perfection: A Guide to Mindful Productivity,Progress Over Perfection: A Guide to Mindful Productivity,The Quarto Group
Project Garden,Project Garden,Simon & Schuster
Project Superpowers Chapter 2 Vol. 2,Project Superpowers Chapter 2 Vol. 2,Dynamite Entertainment
Project Superpowers Chapter 2 Vol.1,Project Superpowers Chapter 2 Vol.1,Dynamite Entertainment
Project Superpowers: Evolution,Project Superpowers: Evolution,Dynamite Entertainment
"Project Superpowers, Vol. 1","Project Superpowers, Vol. 1",Dynamite Entertainment
Project Superpowers X-Mas Carol,Project Superpowers X-Mas Carol,Dynamite Entertainment
Prometheus: Up and Running,Prometheus: Up and Running,O'Reilly
"Property-Based Testing with PropEr, Erlang, and Elixir","Property-Based Testing with PropEr, Erlang, and Elixir",Pragmatic Programmers
Psych 101,Psych 101,Simon & Schuster
PTSD Recovery Workbook,PTSD Recovery Workbook,Callisto Publishing
Punk USA: The Roots of Green Day & the Rise & Fall of Lookout Records,Punk USA: The Roots of Green Day & the Rise & Fall of Lookout Records,Microcosm
Pure Vanilla,Pure Vanilla,Quirk Books
The Puzzle Addict's Book of Codes: 250 Totally Addictive Cryptograms for You to Crack,The Puzzle Addict's Book of Codes: 250 Totally Addictive Cryptograms for You to Crack,Wiley
Puzzlers' Tribute: A Feast for the Mind,Puzzlers' Tribute: A Feast for the Mind,Taylor & Francis Group
Puzzles 101: A PuzzleMasters Challenge,Puzzles 101: A PuzzleMasters Challenge,Taylor & Francis Group
Python 3 and Data Analytics Pocket Primer,Python 3 and Data Analytics Pocket Primer,"Walter De Gruyter, Inc."
Python 3 for Machine Learning,Python 3 for Machine Learning,"Walter De Gruyter, Inc."
Python Algorithmic Trading Cookbook,Python Algorithmic Trading Cookbook,Packt
"Python An Intro to Programming, Second Edition","Python An Intro to Programming, Second Edition","Walter De Gruyter, Inc."
Python: An Introduction to Programming Second Edition,Python: An Introduction to Programming Second Edition,"Walter De Gruyter, Inc."
Python Automation Cookbook,Python Automation Cookbook,Packt
Python Basics: A Self-Teaching Introduction,Python Basics: A Self-Teaching Introduction,"Walter De Gruyter, Inc."
Python Concurrency with asyncio,Python Concurrency with asyncio,Manning Publications
Python Cookbook,Python Cookbook,O'Reilly
"Python Cookbook, 3E","Python Cookbook, 3E",O'Reilly
"Python Crash Course, 2nd Edition: A Hands-On, Project-Based Introduction to Programming","Python Crash Course, 2nd Edition: A Hands-On, Project-Based Introduction to Programming",No Starch Press
"Python Crash Course: A Hands-On, Project-Based Introduction to Programming","Python Crash Course: A Hands-On, Project-Based Introduction to Programming",No Starch Press
Python Data Analysis,Python Data Analysis,Packt
Python Data Cleaning Cookbook,Python Data Cleaning Cookbook,Packt
Python Data Science Handbook,Python Data Science Handbook,O'Reilly
Python Ethical Hacking from Scratch,Python Ethical Hacking from Scratch,Packt
Python Feature Engineering Cookbook,Python Feature Engineering Cookbook,Packt
Python for Cybersecurity: Using Python for Cyber Offense and Defense,Python for Cybersecurity: Using Python for Cyber Offense and Defense,Wiley
Python for Excel,Python for Excel,O'Reilly
Python for Finance Cookbook,Python for Finance Cookbook,Packt
Python for Geeks,Python for Geeks,Packt
Python for Kids,Python for Kids,No Starch Press
Python GUI programming with Tkinter,Python GUI programming with Tkinter,Packt
Python How-To: 63 techniques to improve your Python code,Python How-To: 63 techniques to improve your Python code,Manning Publications
Python Image Processing Cookbook,Python Image Processing Cookbook,Packt
Python Machine Learning,Python Machine Learning,Wiley
Python Natural Language Processing Cookbook,Python Natural Language Processing Cookbook,Packt
Python Network Programming Techniques,Python Network Programming Techniques,Packt
Python Object-Oriented Programming 4th Edition,Python Object-Oriented Programming 4th Edition,Packt
"Python One-Liners: Write Concise, Eloquent Python Like a Professional","Python One-Liners: Write Concise, Eloquent Python Like a Professional",No Starch Press
Python Playground: Geeky Projects for the Curious Programmer,Python Playground: Geeky Projects for the Curious Programmer,No Starch Press
Python Programming,Python Programming,"Walter De Gruyter, Inc."
Python Real World Projects,Python Real World Projects,Packt
Python Video Tutorials (NumPy and Pandas),Python Video Tutorials (NumPy and Pandas),"Walter De Gruyter, Inc."
The Python Workshop,The Python Workshop,Packt
Pythonic Programming,Pythonic Programming,Pragmatic Programmers
Quantum Computer Systems: Research for Noisy Intermediate-Scale Quantum Computers,Quantum Computer Systems: Research for Noisy Intermediate-Scale Quantum Computers,Morgan & Claypool Publishers
Quantum Computing in Action,Quantum Computing in Action,Manning Publications
Quantum Computing in Practice with Qiskit and IBM Quantum Experience,Quantum Computing in Practice with Qiskit and IBM Quantum Experience,Packt
Quantum Entanglement,Quantum Entanglement,Penguin Random House US
Quantum Mechanics,Quantum Mechanics,"Walter De Gruyter, Inc."
Quarantine Life From Cholera To Covid-19,Quarantine Life From Cholera To Covid-19,Simon & Schuster
Quarry,Quarry,Titan Publishing Group
Quick and Easy Crochet,Quick and Easy Crochet,Open Road Media
Quick & Easy Korean Cooking,Quick & Easy Korean Cooking,Chronicle Books
Quick & Simple Baking for Fall,Quick & Simple Baking for Fall,Hearst Specials
Quick & Simple Cooking for Two,Quick & Simple Cooking for Two,Penguin Random House US
Quick & Simple One Pan Meals,Quick & Simple One Pan Meals,Penguin Random House US
Quick & Simple One-Pot Meals,Quick & Simple One-Pot Meals,Hearst Specials
The Quick Python Book,The Quick Python Book,Manning Publications
Quick Start Guide to Large Language Models,Quick Start Guide to Large Language Models,Pearson
Quiet London,Quiet London,The Quarto Group
"R Cookbook, 2E","R Cookbook, 2E",O'Reilly
"R Cookbook, 2nd Edition","R Cookbook, 2nd Edition",O'Reilly
R Graphics Cookbook,R Graphics Cookbook,O'Reilly
"R in Action, 3rd ed.","R in Action, 3rd ed.",Manning Publications
R Primer,R Primer,Taylor & Francis Group
R Student Companion,R Student Companion,Taylor & Francis Group
R Visualizations: Derive Meaning from Data,R Visualizations: Derive Meaning from Data,Taylor & Francis Group
Racing the Beam,Racing the Beam,Penguin Random House US
Racket Programming the Fun Way,Racket Programming the Fun Way,No Starch Press
Radar Systems and Radio Aids to Navigation,Radar Systems and Radio Aids to Navigation,"Walter De Gruyter, Inc."
Rad-hard Semiconductor Memories,Rad-hard Semiconductor Memories,River Publishers
Radical Sewing,Radical Sewing,Microcosm
RAG-Driven Generative AI,RAG-Driven Generative AI,Packt
"Raised Bed Revolution: Build It, Fill It, Plant It ... Garden Anywhere!","Raised Bed Revolution: Build It, Fill It, Plant It ... Garden Anywhere!",The Quarto Group
Raising Goats For Dummies,Raising Goats For Dummies,Wiley
"Raspberry Pi Cookbook, 3E","Raspberry Pi Cookbook, 3E",O'Reilly
"Raspberry Pi Cookbook, 3rd Edition","Raspberry Pi Cookbook, 3rd Edition",O'Reilly
Raspberry Pi For Dummies,Raspberry Pi For Dummies,Wiley
Raspberry Pi Projects,Raspberry Pi Projects,Wiley
Raspberry Pi Projects For Dummies,Raspberry Pi Projects For Dummies,Wiley
Raspberry Pi User Guide,Raspberry Pi User Guide,Wiley
Raw Food,Raw Food,Skyhorse Publishing
Ray Tracing from the Ground Up,Ray Tracing from the Ground Up,Taylor & Francis Group
React 17 Design Patterns and Best Practices,React 17 Design Patterns and Best Practices,Packt
React and Libraries,React and Libraries,Springer
React and React Native,React and React Native,Packt
React Application Architecture for Production,React Application Architecture for Production,Packt
React Cookbook,React Cookbook,O'Reilly
React Key Concepts,React Key Concepts,Packt
React Native Blueprints,React Native Blueprints,Packt
"React Native Cookbook, 2nd Edition","React Native Cookbook, 2nd Edition",Packt
React Native in Action,React Native in Action,Manning Publications
React Projects,React Projects,Packt
React Quickly,React Quickly,Manning Publications
"React: Tools & Skills, 2nd Edition","React: Tools & Skills, 2nd Edition",SitePoint
The React Workshop,The React Workshop,Packt
Reactive Patterns with RxJS for Angular,Reactive Patterns with RxJS for Angular,Packt
Real Estate Investing 101,Real Estate Investing 101,Simon & Schuster
Real-Time Embedded Components and Systems With Linux and RTOS,Real-Time Embedded Components and Systems With Linux and RTOS,"Walter De Gruyter, Inc."
Real-Time Phoenix,Real-Time Phoenix,Pragmatic Programmers
Real-Time Twilio and Flybase,Real-Time Twilio and Flybase,Springer
Real-World Cryptography,Real-World Cryptography,Manning Publications
Real-World Implementation of C# Design Patterns,Real-World Implementation of C# Design Patterns,Packt
Real-World Python: A Hacker's Guide to Solving Problems with Code,Real-World Python: A Hacker's Guide to Solving Problems with Code,No Starch Press
Real-World Software Development,Real-World Software Development,O'Reilly
Rebecca Ringquist's Embroidery Workshops: A Bend-the-Rules Primer,Rebecca Ringquist's Embroidery Workshops: A Bend-the-Rules Primer,Abrams Books
Recipes from Around Our Family Table,Recipes from Around Our Family Table,Open Road Media
Reclaim Your Life,Reclaim Your Life,Callisto Publishing
Red Dead Redemption,Red Dead Redemption,Boss Fight Books
Red Screen by Stephen King,Red Screen by Stephen King,Stephen King
Red Sonja: Petitioning the Queen,Red Sonja: Petitioning the Queen,Dynamite Entertainment
Redis Stack for Application Modernization,Redis Stack for Application Modernization,Packt
Refactoring with C#,Refactoring with C#,Packt
Regular Expression Puzzles and AI Coding Assistants,Regular Expression Puzzles and AI Coding Assistants,Manning Publications
Regular Expressions Cookbook,Regular Expressions Cookbook,O'Reilly
"Regular Expressions Cookbook, 2E","Regular Expressions Cookbook, 2E",O'Reilly
Regular Expressions Pocket Primer,Regular Expressions Pocket Primer,"Walter De Gruyter, Inc."
Reinventing Yourself,Reinventing Yourself,Career Press
Relax: Reference to Go,Relax: Reference to Go,Chronicle Books
Reliable JavaScript: How to Code Safely in the World's Most Dangerous Language,Reliable JavaScript: How to Code Safely in the World's Most Dangerous Language,Wiley
Religion 101,Religion 101,Simon & Schuster
Repurposed Library,Repurposed Library,Abrams Books
"Rescue, Restore, Redecorate: Amy Howard's Guide to Refinishing Furniture and Accessories","Rescue, Restore, Redecorate: Amy Howard's Guide to Refinishing Furniture and Accessories",Abrams Books
Resident Evil,Resident Evil,Boss Fight Books
Responsible AI,Responsible AI,Pearson
Responsible Data Science,Responsible Data Science,Wiley
The Restaurant Diet: How to Eat Out Every Night and Still Lose Weight,The Restaurant Diet: How to Eat Out Every Night and Still Lose Weight,Mango Media
RESTful Web API Patterns & Practices Cookbook,RESTful Web API Patterns & Practices Cookbook,O'Reilly
Restorative Yoga for Beginners,Restorative Yoga for Beginners,Callisto Publishing
Rethink: The Way You Live,Rethink: The Way You Live,Chronicle Books
Retirement 101,Retirement 101,Simon & Schuster
Retro Gaming with Raspberry Pi,Retro Gaming with Raspberry Pi,Raspberry Pi Press
Revolution in the Valley,Revolution in the Valley,O'Reilly
Road Trip Survival Guide,Road Trip Survival Guide,Simon & Schuster
Robbie's Wife,Robbie's Wife,Titan Publishing Group
Robot Ethics,Robot Ethics,Penguin Random House US
Robust Python,Robust Python,O'Reilly
Romancing the Stove: Celebrated Recipes and Delicious Fun for Every Kitchen Goddess,Romancing the Stove: Celebrated Recipes and Delicious Fun for Every Kitchen Goddess,Mango Media
The Rotisserie Grilling Cookbook,The Rotisserie Grilling Cookbook,The Quarto Group
Ruby Under a Microscope,Ruby Under a Microscope,No Starch Press
Ruhlman's Twenty,Ruhlman's Twenty,Chronicle Books
Running Your First Marathon,Running Your First Marathon,Callisto Publishing
Rust Brain Teasers,Rust Brain Teasers,Pragmatic Programmers
Rust for Rustaceans,Rust for Rustaceans,No Starch Press
Rust in Action,Rust in Action,Manning Publications
The Rust Programming Language,The Rust Programming Language,No Starch Press
"Rust Servers, Services, and Apps","Rust Servers, Services, and Apps",Manning Publications
Rustic Mexican,Rustic Mexican,Insight Editions
Rustic Spanish,Rustic Spanish,Open Road Media
RxJava for Android,RxJava for Android,Manning Publications
Ryuko Volume 1,Ryuko Volume 1,Titan Publishing Group
Ryuko Volume 2,Ryuko Volume 2,Titan Publishing Group
"Sake Confidential : A Beyond-the-Basics Guide to Understanding, Tasting, Selection, and Enjoyment","Sake Confidential : A Beyond-the-Basics Guide to Understanding, Tasting, Selection, and Enjoyment",Stone Bridge Press
Sales 101,Sales 101,Simon & Schuster
Sales & Pitch Letters for Busy People,Sales & Pitch Letters for Busy People,Career Press
Sally's Baking Addiction,Sally's Baking Addiction,The Quarto Group
Sally's Candy Addiction,Sally's Candy Addiction,The Quarto Group
Sally's Cookie Addiction,Sally's Cookie Addiction,The Quarto Group
Salvage Chef Cookbook,Salvage Chef Cookbook,Skyhorse Publishing
SAP Transaction Codes,SAP Transaction Codes,"Walter De Gruyter, Inc."
Sausage Making,Sausage Making,Chronicle Books
Saveur: The New Classics Cookbook,Saveur: The New Classics Cookbook,Open Road Media
Saveur The New Comfort Food,Saveur The New Comfort Food,Chronicle Books
Science and Computing with Raspberry Pi,Science and Computing with Raspberry Pi,Morgan & Claypool Publishers
Science Fiction Prototyping: Designing the Future with Science Fiction,Science Fiction Prototyping: Designing the Future with Science Fiction,Morgan & Claypool Publishers
Science in the Arena: Explanations and Analyses of Performances and Phenomena in Sports,Science in the Arena: Explanations and Analyses of Performances and Phenomena in Sports,Morgan & Claypool Publishers
Science of Serial Killers,Science of Serial Killers,Skyhorse Publishing
Scientific Computing with Python,Scientific Computing with Python,Packt
Screen-Free Fun,Screen-Free Fun,Simon & Schuster
Search for Anne Perry,Search for Anne Perry,Skyhorse Publishing
Search For Why,Search For Why,Simon & Schuster
"Season: Big Flavors, Beautiful Food","Season: Big Flavors, Beautiful Food",Chronicle Books
The Secret Joy of Hygge,The Secret Joy of Hygge,Callisto Publishing
Secret Key Cryptography,Secret Key Cryptography,Manning Publications
The Secret Life of Programs,The Secret Life of Programs,No Starch Press
"Secrets and Lies: Digital Security in a Networked World, 15th Anniversary Edition","Secrets and Lies: Digital Security in a Networked World, 15th Anniversary Edition",Wiley
Secrets of a Cyber Security Architect,Secrets of a Cyber Security Architect,Taylor & Francis Group
Secrets Of Power Negotiating,Secrets Of Power Negotiating,Career Press
Secrets Of Power Salary Negotiating,Secrets Of Power Salary Negotiating,Career Press
"Secrets of the JavaScript Ninja, Second Edition","Secrets of the JavaScript Ninja, Second Edition",Manning Publications
Secure and Smart Internet of Things (IoT),Secure and Smart Internet of Things (IoT),River Publishers
Security and Microservice Architecture on AWS,Security and Microservice Architecture on AWS,O'Reilly
The Security Culture Playbook: An Executive Guide To Reducing Risk and Developing Your Human Defense Layer,The Security Culture Playbook: An Executive Guide To Reducing Risk and Developing Your Human Defense Layer,Wiley
Security without Obscurity: Frequently Asked Questions (FAQ),Security without Obscurity: Frequently Asked Questions (FAQ),Taylor & Francis Group
"sed & awk, 2nd Edition","sed & awk, 2nd Edition",O'Reilly
Seeking Slow: Reclaim Moments of Calm in Your Day,Seeking Slow: Reclaim Moments of Calm in Your Day,The Quarto Group
Seeking SRE,Seeking SRE,O'Reilly
Select Ideas in Partial Differential Equations,Select Ideas in Partial Differential Equations,Morgan & Claypool Publishers
"Selected Topics in Intelligent Chips with Emerging Devices, Circuits and Systems","Selected Topics in Intelligent Chips with Emerging Devices, Circuits and Systems",River Publishers
The Self-Taught Cloud Computing Engineer,The Self-Taught Cloud Computing Engineer,Packt
Semi-Supervised Learning and Domain Adaptation in Natural Language Processing,Semi-Supervised Learning and Domain Adaptation in Natural Language Processing,Morgan & Claypool Publishers
Sensors and Measurement Systems,Sensors and Measurement Systems,River Publishers
Sentiment Analysis and Opinion Mining,Sentiment Analysis and Opinion Mining,Morgan & Claypool Publishers
Serenity Passport: A world tour of peaceful living in 30 words,Serenity Passport: A world tour of peaceful living in 30 words,The Quarto Group
"The Serious Business of Small Talk: Becoming Fluent, Comfortable, and Charming","The Serious Business of Small Talk: Becoming Fluent, Comfortable, and Charming",Berrett Koehler
Serious Python,Serious Python,No Starch Press
Seriously Good Software,Seriously Good Software,Manning Publications
Serverless Architectures with Kubernetes,Serverless Architectures with Kubernetes,Packt
Serverless Development on AWS,Serverless Development on AWS,O'Reilly
Seven Concurrency Models in Seven Weeks,Seven Concurrency Models in Seven Weeks,Pragmatic Programmers
"Seven Databases in Seven Weeks, Second Edition","Seven Databases in Seven Weeks, Second Edition",Pragmatic Programmers
Seven More Languages in Seven Weeks,Seven More Languages in Seven Weeks,Pragmatic Programmers
Sew a Bag,Sew a Bag,Abrams Books
Sew Fantasy Toys,Sew Fantasy Toys,Open Road Media
Sewing 101 Revised and Updated,Sewing 101 Revised and Updated,The Quarto Group
Sewing for Beginners,Sewing for Beginners,Naraku Brock
Sewing for Beginners 2,Sewing for Beginners 2,Naraku Brock
Sewing Knits from Fit to Finish,Sewing Knits from Fit to Finish,The Quarto Group
Sewing Machine Magic,Sewing Machine Magic,The Quarto Group
Sewing Shirts with a Perfect Fit,Sewing Shirts with a Perfect Fit,The Quarto Group
Sex From Scratch (2nd edition),Sex From Scratch (2nd edition),Microcosm
Shadow of the Colossus,Shadow of the Colossus,Boss Fight Books
Shakti Leadership,Shakti Leadership,Berrett Koehler
The Shape of Content: Creative Writing in Mathematics and Science,The Shape of Content: Creative Writing in Mathematics and Science,Taylor & Francis Group
"Sharing A House With The Never-
 Ending Man","Sharing A House With The Never-
 Ending Man",Stone Bridge Press
She Sheds: A Room of Your Own,She Sheds: A Room of Your Own,The Quarto Group
Sheet Pan,Sheet Pan,Open Road Media
The Shift: How Seeing People as People Changes Everything,The Shift: How Seeing People as People Changes Everything,Berrett Koehler
Shills Can't Cash Chips,Shills Can't Cash Chips,Titan Publishing Group
Shinto Meditation,Shinto Meditation,Stone Bridge Press
Shoulders Armor Pattern Collection,Shoulders Armor Pattern Collection,Kamui Cosplay
Shovel Knight,Shovel Knight,Boss Fight Books
Silent Hill 2,Silent Hill 2,Boss Fight Books
The Simple Book of Not-So-Simple Puzzles,The Simple Book of Not-So-Simple Puzzles,Taylor & Francis Group
Simple Is The New Smart,Simple Is The New Smart,Career Press
Simplify Testing with React Testing Library,Simplify Testing with React Testing Library,Packt
Simplifying State Management in React Native,Simplifying State Management in React Native,Packt
Simply Bento,Simply Bento,The Quarto Group
Simply Pho,Simply Pho,The Quarto Group
Simply Ramen,Simply Ramen,The Quarto Group
Simply Stunning Crocheted Bags,Simply Stunning Crocheted Bags,Open Road Media
Singer: The Complete Photo Guide to Sewing,Singer: The Complete Photo Guide to Sewing,The Quarto Group
The Site Reliability Workbook,The Site Reliability Workbook,O'Reilly
Skills of a Successful Software Engineer,Skills of a Successful Software Engineer,Manning Publications
Slash Your Retirement Risk,Slash Your Retirement Risk,Red Wheel/Weiser
The Sleep Workbook,The Sleep Workbook,Callisto Publishing
Slide,Slide,Titan Publishing Group
Slow Cooker: The Best Cookbook Ever with More Than 400 Easy-to-Make Recipes,Slow Cooker: The Best Cookbook Ever with More Than 400 Easy-to-Make Recipes,Chronicle Books
Smaller C,Smaller C,O'Reilly
Smart Antennas and Electromagnetic Signal Processing in Advanced Wireless Technology,Smart Antennas and Electromagnetic Signal Processing in Advanced Wireless Technology,River Publishers
Smart Cities,Smart Cities,Penguin Random House US
Smoke & Pickles,Smoke & Pickles,Open Road Media
"Smoke & Spice, Updated and Expanded","Smoke & Spice, Updated and Expanded",The Quarto Group
The Smoke Shop's Backyard BBQ,The Smoke Shop's Backyard BBQ,The Quarto Group
Smokin' Southern BBQ,Smokin' Southern BBQ,Callisto Publishing
Smoothies & Juices: Prevention Healing Kitchen,Smoothies & Juices: Prevention Healing Kitchen,Penguin Random House US
Snuggle and Play Crochet,Snuggle and Play Crochet,Open Road Media
So To Speak,So To Speak,Simon & Schuster
"Social Engineering: Hacking Systems, Nations, and Societies","Social Engineering: Hacking Systems, Nations, and Societies",Taylor & Francis Group
Social Engineering: The Science of Human Hacking,Social Engineering: The Science of Human Hacking,Wiley
Social Security 101,Social Security 101,Simon & Schuster
Socialism 101,Socialism 101,Simon & Schuster
Sockology,Sockology,Open Road Media
Socks Appeal,Socks Appeal,Open Road Media
Soft & Cuddly,Soft & Cuddly,Boss Fight Books
The Software Architect Elevator,The Software Architect Elevator,O'Reilly
Software Architecture for Busy Developers,Software Architecture for Busy Developers,Packt
Software Architecture Metrics,Software Architecture Metrics,O'Reilly
"Software Architecture Patterns, 2nd Edition","Software Architecture Patterns, 2nd Edition",O'Reilly
Software Architecture: The Hard Parts,Software Architecture: The Hard Parts,O'Reilly
Software Architecture with C# 10 and .NET 6 – Third Edition,Software Architecture with C# 10 and .NET 6 – Third Edition,Packt
Software Mistakes and Tradeoffs: How to make good programming decisions,Software Mistakes and Tradeoffs: How to make good programming decisions,Manning Publications
Software Quality Assurance,Software Quality Assurance,"Walter De Gruyter, Inc."
Software Testing,Software Testing,"Walter De Gruyter, Inc."
Software Transparency: Supply Chain Security in an Era of a Software-Driven Society,Software Transparency: Supply Chain Security in an Era of a Software-Driven Society,Wiley
Solid State Physics,Solid State Physics,"Walter De Gruyter, Inc."
Soup of the Day,Soup of the Day,Weldon Owen
The Southern Comfort Food Diabetes Cookbook,The Southern Comfort Food Diabetes Cookbook,Callisto Publishing
The Southern Keto Cookbook,The Southern Keto Cookbook,Callisto Publishing
Southern Makers,Southern Makers,Chronicle Books
Southern Smoke,Southern Smoke,The Quarto Group
Space Nomads: Set A Course For Mars,Space Nomads: Set A Course For Mars,Simon & Schuster
Spain Country Guide,Spain Country Guide,Lonely Planet
Spanish Phrasebook,Spanish Phrasebook,Lonely Planet
Speak and Read Japanese: Fun Mnemonic Devices for Remembering Japanese Words and Their Meanings,Speak and Read Japanese: Fun Mnemonic Devices for Remembering Japanese Words and Their Meanings,Stone Bridge Press
The Special Theory of Relativity,The Special Theory of Relativity,"Walter De Gruyter, Inc."
Spectral Feature Selection for Data Mining,Spectral Feature Selection for Data Mining,Taylor & Francis Group
Spelunky,Spelunky,Boss Fight Books
The Spiralizer Cookbook,The Spiralizer Cookbook,Insight Editions
Spiritual Places,Spiritual Places,The Quarto Group
Spiritual Poems of Rumi: Translated by Nader Khalili,Spiritual Poems of Rumi: Translated by Nader Khalili,The Quarto Group
Spoonflower Handbook,Spoonflower Handbook,Abrams Books
Spring 5 Design Patterns,Spring 5 Design Patterns,Packt
Spring Boot with React and AWS,Spring Boot with React and AWS,Springer
Spring REST,Spring REST,Springer
Spring Security,Spring Security,Packt
Sprinkles!,Sprinkles!,Quirk Books
SPSS Statistics for Data Analysis and Visualization,SPSS Statistics for Data Analysis and Visualization,Wiley
"SQL Antipatterns, Volume 1","SQL Antipatterns, Volume 1",Pragmatic Programmers
SQL Cookbook,SQL Cookbook,O'Reilly
SQL for Data Analytics,SQL for Data Analytics,Packt
SQL for Data Scientists: A Beginner's Guide for Building Datasets for Analysis,SQL for Data Scientists: A Beginner's Guide for Building Datasets for Analysis,Wiley
SQL Pocket Primer,SQL Pocket Primer,"Walter De Gruyter, Inc."
SQL Query Design Patterns and Best Practices,SQL Query Design Patterns and Best Practices,Packt
SQL Server 2019 Administrator's Guide,SQL Server 2019 Administrator's Guide,Packt
SQL Server Query Tuning and Optimization,SQL Server Query Tuning and Optimization,Packt
Square Foot Gardening Answer Book: New Information from the Creator of Square Foot Gardening - the Revolutionary Method,Square Foot Gardening Answer Book: New Information from the Creator of Square Foot Gardening - the Revolutionary Method,The Quarto Group
Square Foot Gardening: Growing Perfect Vegetables: A Visual Guide to Raising and Harvesting Prime Garden Produce,Square Foot Gardening: Growing Perfect Vegetables: A Visual Guide to Raising and Harvesting Prime Garden Produce,The Quarto Group
Square Foot Gardening High-Value Veggies: Homegrown Produce Ranked by Value,Square Foot Gardening High-Value Veggies: Homegrown Produce Ranked by Value,The Quarto Group
SRE with Java Microservices,SRE with Java Microservices,O'Reilly
Star Wars: Knights of the Old Republic,Star Wars: Knights of the Old Republic,Boss Fight Books
Starting a Business All-in-One For Dummies,Starting a Business All-in-One For Dummies,Wiley
Starting & Saving Seeds,Starting & Saving Seeds,The Quarto Group
Statistical Computing in C++ and R,Statistical Computing in C++ and R,Taylor & Francis Group
Statistics 101,Statistics 101,Simon & Schuster
The Statistics and Calculus with Python Workshop,The Statistics and Calculus with Python Workshop,Packt
Statistics for Machine Learning,Statistics for Machine Learning,Richdale Ventures
Statistics is Easy! 2nd Edition,Statistics is Easy! 2nd Edition,Morgan & Claypool Publishers
Statistics is Easy: Case Studies on Real Scientific Datasets,Statistics is Easy: Case Studies on Real Scientific Datasets,Morgan & Claypool Publishers
Stealing The Corner Office,Stealing The Corner Office,Red Wheel/Weiser
Steampunk & Cosplay Fashion Design & Illustration,Steampunk & Cosplay Fashion Design & Illustration,The Quarto Group
Step-by-Step Projects for Self-Sufficiency: Grow Edibles * Raise Animals * Live Off the Grid * DIY,Step-by-Step Projects for Self-Sufficiency: Grow Edibles * Raise Animals * Live Off the Grid * DIY,The Quarto Group
Stephen King Sampler,Stephen King Sampler,Titan Publishing Group
Stitch 50 Birds,Stitch 50 Birds,Open Road Media
Stitch 50 Cats,Stitch 50 Cats,Open Road Media
Stitch Encyclopedia: Crochet,Stitch Encyclopedia: Crochet,Chronicle Books
Stitch Encyclopedia: Knitting,Stitch Encyclopedia: Knitting,Chronicle Books
Stock Market 101,Stock Market 101,Simon & Schuster
Stop Guessing: The 9 Behaviors of Great Problem Solvers,Stop Guessing: The 9 Behaviors of Great Problem Solvers,Berrett Koehler
"Stop, Think, Go, Do","Stop, Think, Go, Do",The Quarto Group
Storm of Secrets: A Haunted Bluffs Mystery,Storm of Secrets: A Haunted Bluffs Mystery,Penguin Random House US
Storybook Toys,Storybook Toys,Open Road Media
"Straw Bale Gardens Complete, Updated Edition: Breakthrough Method for Growing Vegetables Anywhere, Earlier and with No Weeding","Straw Bale Gardens Complete, Updated Edition: Breakthrough Method for Growing Vegetables Anywhere, Earlier and with No Weeding",The Quarto Group
"Straw Bale Solutions: Creative Tips for Growing Vegetables in Bales at Home, in Community Gardens, and around the World","Straw Bale Solutions: Creative Tips for Growing Vegetables in Bales at Home, in Community Gardens, and around the World",The Quarto Group
Streaming Systems,Streaming Systems,O'Reilly
Street Coder [MEAP],Street Coder [MEAP],Manning Publications
Street Coder: The rules to break and how to break them,Street Coder: The rules to break and how to break them,Manning Publications
Strengthening Deep Neural Networks,Strengthening Deep Neural Networks,O'Reilly
The Stress Management Workbook,The Stress Management Workbook,Callisto Publishing
Stretching for Beginners,Stretching for Beginners,Callisto Publishing
Structural Steel Design Third Edition,Structural Steel Design Third Edition,"Walter De Gruyter, Inc."
Stylish F# 6,Stylish F# 6,Springer
Su Doku For Dummies,Su Doku For Dummies,Wiley
Successful Serging,Successful Serging,The Quarto Group
"Sudoku For Dummies, Volume 2","Sudoku For Dummies, Volume 2",Wiley
"Sudoku For Dummies, Volume 3","Sudoku For Dummies, Volume 3",Wiley
Sugar Shock,Sugar Shock,Penguin Random House US
Sumi-e Painting: Master the meditative art of Japanese brush painting,Sumi-e Painting: Master the meditative art of Japanese brush painting,The Quarto Group
Summer Cocktails,Summer Cocktails,Quirk Books
Sunday Casseroles,Sunday Casseroles,Open Road Media
Super Mario Bros. 2,Super Mario Bros. 2,Boss Fight Books
Super Mario Bros. 3,Super Mario Bros. 3,Boss Fight Books
"Super Power, Spoony Bards, and Silverware: The Super Nintendo Entertainment System","Super Power, Spoony Bards, and Silverware: The Super Nintendo Entertainment System",Penguin Random House US
Supercharge with Superfoods,Supercharge with Superfoods,Simon & Schuster
Supersize Crochet,Supersize Crochet,Open Road Media
Survival Hacks,Survival Hacks,Simon & Schuster
Sustainable Gardening,Sustainable Gardening,The Quarto Group
Sustainable Travel,Sustainable Travel,The Quarto Group
Svelte: A Beginner's Guide,Svelte: A Beginner's Guide,SitePoint
Sweden [SWE],Sweden [SWE],Lonely Planet
Sweet Paper Crafts,Sweet Paper Crafts,Chronicle Books
Swift Cookbook,Swift Cookbook,Packt
"Swift Protocol-Oriented Programming, 4th Edition","Swift Protocol-Oriented Programming, 4th Edition",Packt
SwiftUI Cookbook,SwiftUI Cookbook,Packt
Switzerland [SWI],Switzerland [SWI],Lonely Planet
Synesthesia,Synesthesia,Penguin Random House US
Tableau Prep Cookbook,Tableau Prep Cookbook,Packt
The Tableau Workshop,The Tableau Workshop,Packt
"Tableau Your Data!: Fast and Easy Visual Analysis with Tableau Software, 2nd Edition","Tableau Your Data!: Fast and Easy Visual Analysis with Tableau Software, 2nd Edition",Wiley
The Taco Tuesday Cookbook,The Taco Tuesday Cookbook,The Quarto Group
Tailoring,Tailoring,The Quarto Group
Tailwind CSS,Tailwind CSS,SitePoint
Take Care Of Your Type,Take Care Of Your Type,Simon & Schuster
Take Control Of Your Anxiety,Take Control Of Your Anxiety,Red Wheel/Weiser
Tasty Adventures of Rose Honey: Chocolate Chip Cookies,Tasty Adventures of Rose Honey: Chocolate Chip Cookies,Mango Media
Teach Your Kids to Code,Teach Your Kids to Code,No Starch Press
Tech Trends of the 4th Industrial Revolution,Tech Trends of the 4th Industrial Revolution,"Walter De Gruyter, Inc."
Technology Strategy Patterns,Technology Strategy Patterns,O'Reilly
Tenryuji,Tenryuji,Stone Bridge Press
Tensor Analysis for Engineers  Second Edition,Tensor Analysis for Engineers  Second Edition,"Walter De Gruyter, Inc."
"Tensor Analysis for Engineers, Second Edition","Tensor Analysis for Engineers, Second Edition","Walter De Gruyter, Inc."
TensorFlow 2 Pocket Primer,TensorFlow 2 Pocket Primer,"Walter De Gruyter, Inc."
The TensorFlow Workshop,The TensorFlow Workshop,Packt
Tequila & Tacos,Tequila & Tacos,Simon & Schuster
"Test-Driven Development with Python, 2nd Edition","Test-Driven Development with Python, 2nd Edition",O'Reilly
TEST-DRIVEN DEVELOPMENT WITH REACT AND TYPESCRIPT,TEST-DRIVEN DEVELOPMENT WITH REACT AND TYPESCRIPT,Springer
"Test-Driven iOS Development with Swift 4, 3rd Edition","Test-Driven iOS Development with Swift 4, 3rd Edition",Packt
Testing Elixir,Testing Elixir,Pragmatic Programmers
Testing R Code,Testing R Code,Taylor & Francis Group
Texas Hold 'Em,Texas Hold 'Em,Chronicle Books
Texas Hold'em For Dummies,Texas Hold'em For Dummies,Wiley
Texas Q,Texas Q,The Quarto Group
Texas Slow Cooker,Texas Slow Cooker,The Quarto Group
Text Analytics for Business Decisions,Text Analytics for Business Decisions,"Walter De Gruyter, Inc."
Text Mining and Visualization,Text Mining and Visualization,Taylor & Francis Group
Text Processing with Ruby,Text Processing with Ruby,Pragmatic Programmers
They Don't Teach Corporate in College,They Don't Teach Corporate in College,Career Press
Things Japanese,Things Japanese,Stone Bridge Press
Think AI,Think AI,Richdale Ventures
Think Julia,Think Julia,O'Reilly
Think Like a Programmer: An Introduction to Creative Problem Solving,Think Like a Programmer: An Introduction to Creative Problem Solving,No Starch Press
"Think Like an Entrepreneur, Act Like a CEO","Think Like an Entrepreneur, Act Like a CEO",Career Press
Think Python 2E,Think Python 2E,O'Reilly
This is Not the End,This is Not the End,Callisto Publishing
This is Your Brain on Anxiety,This is Your Brain on Anxiety,Microcosm
This is Your Brain on Depression,This is Your Brain on Depression,Microcosm
Thoughtful Machine Learning with Python,Thoughtful Machine Learning with Python,O'Reilly
Thoughts on Design,Thoughts on Design,Chronicle Books
"Threat Hunting in the Cloud: Defending AWS, Azure and Other Cloud Platforms Against Cyberattacks","Threat Hunting in the Cloud: Defending AWS, Azure and Other Cloud Platforms Against Cyberattacks",Wiley
Threat Hunting with Elastic Stack,Threat Hunting with Elastic Stack,Packt
Threat Modeling: Designing for Security,Threat Modeling: Designing for Security,Wiley
Threats: What Every Engineer Should Learn From Star Wars,Threats: What Every Engineer Should Learn From Star Wars,Wiley
Thriving With Social Anxiety: Daily Strategies for Overcoming Anxiety and Building Self-Confidence,Thriving With Social Anxiety: Daily Strategies for Overcoming Anxiety and Building Self-Confidence,Callisto Publishing
Thyme to Discover,Thyme to Discover,Skyhorse Publishing
Tiny Food Party!,Tiny Food Party!,Quirk Books
Tiny Python Projects,Tiny Python Projects,Manning Publications
Tiny World of Terrariums,Tiny World of Terrariums,Abrams Books
TinyML Cookbook,TinyML Cookbook,Packt
Toaster Oven Takeover,Toaster Oven Takeover,Simon & Schuster
"The Today & Future of WSN, AI and IoT","The Today & Future of WSN, AI and IoT",Richdale Ventures
Tomo,Tomo,Stone Bridge Press
The Total Knife Manual,The Total Knife Manual,Weldon Owen
The Total Outdoorsman Manual,The Total Outdoorsman Manual,Weldon Owen
Tractate of Japanese Aesthetics,Tractate of Japanese Aesthetics,Stone Bridge Press
Trading Agents,Trading Agents,Morgan & Claypool Publishers
Train Your Brain: A Year's Worth of Puzzles,Train Your Brain: A Year's Worth of Puzzles,Taylor & Francis Group
"Transformational Security Awareness: What Neuroscientists, Storytellers, and Marketers Can Teach Us About Driving Secure Behaviors","Transformational Security Awareness: What Neuroscientists, Storytellers, and Marketers Can Teach Us About Driving Secure Behaviors",Wiley
Transformers for Natural Language Processing,Transformers for Natural Language Processing,Packt
The Transmasculine Guide to Physical Transition,The Transmasculine Guide to Physical Transition,Microcosm
Travel Hacks,Travel Hacks,Simon & Schuster
Treating Cancer with Immunotherapy,Treating Cancer with Immunotherapy,"Walter De Gruyter, Inc."
Tribe of Hackers Blue Team: Tribal Knowledge from the Best in Defensive Cybersecurity,Tribe of Hackers Blue Team: Tribal Knowledge from the Best in Defensive Cybersecurity,Wiley
Tribe of Hackers: Cybersecurity Advice from the Best Hackers in the World,Tribe of Hackers: Cybersecurity Advice from the Best Hackers in the World,Wiley
Tribe of Hackers Red Team: Tribal Knowledge from the Best in Offensive Cybersecurity,Tribe of Hackers Red Team: Tribal Knowledge from the Best in Offensive Cybersecurity,Wiley
Tribe of Hackers Security Leaders: Tribal Knowledge from the Best in Cybersecurity Leadership,Tribe of Hackers Security Leaders: Tribal Knowledge from the Best in Cybersecurity Leadership,Wiley
Trigger Point Therapy Made Simple,Trigger Point Therapy Made Simple,Callisto Publishing
TriMathlon: A Workout Beyond the School Curriculum,TriMathlon: A Workout Beyond the School Curriculum,Taylor & Francis Group
The Triumph Of The Spider Monkey,The Triumph Of The Spider Monkey,Titan Publishing Group
Trust in Computer Systems and the Cloud,Trust in Computer Systems and the Cloud,Wiley
Tuning Into Frequency,Tuning Into Frequency,Simon & Schuster
Tunisian Crochet Handbook,Tunisian Crochet Handbook,Abrams Books
Twenty to Knit: Knitted Bears,Twenty to Knit: Knitted Bears,Open Road Media
Twenty to Knit: Pocket Pets,Twenty to Knit: Pocket Pets,Open Road Media
Twenty to Knit: Tiny Toys to Knit,Twenty to Knit: Tiny Toys to Knit,Open Road Media
The Twenty-Year Death,The Twenty-Year Death,Titan Publishing Group
Two For The Money,Two For The Money,Titan Publishing Group
Tyler Cross: Angola,Tyler Cross: Angola,Titan Publishing Group
"Type Rules: The Designer's Guide to ProfessionalTypography, Fourth Edition","Type Rules: The Designer's Guide to ProfessionalTypography, Fourth Edition",Wiley
"Typographic Design, Form & Communication","Typographic Design, Form & Communication",Wiley
Typographic Knitting,Typographic Knitting,Chronicle Books
Typography Essentials Revised and Updated,Typography Essentials Revised and Updated,The Quarto Group
"Typography, Referenced","Typography, Referenced",The Quarto Group
The Ultimate Backcountry Survival Manual,The Ultimate Backcountry Survival Manual,Weldon Owen
Ultimate Book of Card Games,Ultimate Book of Card Games,Chronicle Books
Ultimate Book of Trivia,Ultimate Book of Trivia,Chronicle Books
The Ultimate Bushcraft Survival Manual,The Ultimate Bushcraft Survival Manual,Weldon Owen
The Ultimate Docker Container Book,The Ultimate Docker Container Book,Packt
The Ultimate Guide to Snowpark,The Ultimate Guide to Snowpark,Packt
The Ultimate Kali Linux Book,The Ultimate Kali Linux Book,Packt
Ultimate Roblox Book: An Unofficial Guide,Ultimate Roblox Book: An Unofficial Guide,Simon & Schuster
The Ultimate Sh*t Hits the Fan Survival Guide: How to Live Through Any Catastrophe,The Ultimate Sh*t Hits the Fan Survival Guide: How to Live Through Any Catastrophe,Skyhorse Publishing
"Ultimate Slime: DIY Tutorials for Crunchy Slime, Fluffy Slime, Fishbowl Slime","Ultimate Slime: DIY Tutorials for Crunchy Slime, Fluffy Slime, Fishbowl Slime",The Quarto Group
"Ultimate Slime Extreme Edition: 100 New Recipes and Projects for Oddly Satisfying, Borax-Free Slime","Ultimate Slime Extreme Edition: 100 New Recipes and Projects for Oddly Satisfying, Borax-Free Slime",The Quarto Group
Ultimate Survival Hacks,Ultimate Survival Hacks,Weldon Owen
The Ultimate Wilderness Survival Handbook,The Ultimate Wilderness Survival Handbook,Weldon Owen
Unauthorised Access: Physical Penetration Testing For IT Security Teams,Unauthorised Access: Physical Penetration Testing For IT Security Teams,O'Reilly
Uncertainty in Games,Uncertainty in Games,Penguin Random House US
Uncommon Paper Flowers,Uncommon Paper Flowers,Chronicle Books
Uncut! From Custom PC,Uncut! From Custom PC,Raspberry Pi Press
Uncut! From HackSpace,Uncut! From HackSpace,Raspberry Pi Press
Uncut! From MagPi,Uncut! From MagPi,Raspberry Pi Press
Uncut! From WireFrame,Uncut! From WireFrame,Raspberry Pi Press
Under The Black Hat,Under The Black Hat,Simon & Schuster
Understanding Bipolar Disorder,Understanding Bipolar Disorder,Callisto Publishing
"Understanding Color: An Introduction for Designers, Fifth Edition","Understanding Color: An Introduction for Designers, Fifth Edition",Wiley
Understanding ECMAScript 6,Understanding ECMAScript 6,No Starch Press
Understanding Nanoelectromechanical Quantum Circuits and Systems (NEMX) for the Internet of Things (IoT) Era,Understanding Nanoelectromechanical Quantum Circuits and Systems (NEMX) for the Internet of Things (IoT) Era,River Publishers
Understanding the Magic of the Bicycle,Understanding the Magic of the Bicycle,Morgan & Claypool Publishers
"Unfuck Your Addiction: Using Science to Free Yourself from Harmful Reliance on Substances, Habits, and Out of Control Behaviors","Unfuck Your Addiction: Using Science to Free Yourself from Harmful Reliance on Substances, Habits, and Out of Control Behaviors",Microcosm
Unfuck Your Adulting,Unfuck Your Adulting,Microcosm
Unfuck Your Anger,Unfuck Your Anger,Microcosm
Unfuck Your Anilingus,Unfuck Your Anilingus,Microcosm
Unfuck Your Anxiety (2nd edition),Unfuck Your Anxiety (2nd edition),Microcosm
Unfuck Your Anxiety Workbook,Unfuck Your Anxiety Workbook,Microcosm
Unfuck Your Blow Jobs,Unfuck Your Blow Jobs,Microcosm
Unfuck Your Body,Unfuck Your Body,Microcosm
"Unfuck Your Boundaries: Build Better Relationships through Consent, Communication, and Expressing Your Needs","Unfuck Your Boundaries: Build Better Relationships through Consent, Communication, and Expressing Your Needs",Microcosm
"Unfuck Your Boundaries Workbook: Build Better Relationships Through Consent, Communication, and Expressing Your Needs","Unfuck Your Boundaries Workbook: Build Better Relationships Through Consent, Communication, and Expressing Your Needs",Microcosm
Unfuck Your Brain,Unfuck Your Brain,Microcosm
Unfuck Your Burnout,Unfuck Your Burnout,Microcosm
Unfuck Your Business: Using Math and Brain Science to Run a Successful Business,Unfuck Your Business: Using Math and Brain Science to Run a Successful Business,Microcosm
"Unfuck Your Consent: A History and How-to for Claiming Your Sexual Autonomy, Personal Boundaries, and Political Freedoms","Unfuck Your Consent: A History and How-to for Claiming Your Sexual Autonomy, Personal Boundaries, and Political Freedoms",Microcosm
Unfuck Your Cunnilingus,Unfuck Your Cunnilingus,Microcosm
"Unfuck Your Eating: Using Science to Build a Better Relationship with Food, Health, and Body Image","Unfuck Your Eating: Using Science to Build a Better Relationship with Food, Health, and Body Image",Microcosm
Unfuck Your Forgiveness,Unfuck Your Forgiveness,Microcosm
Unfuck Your Grief,Unfuck Your Grief,Microcosm
"Unfuck Your Intimacy: Using Science for Better Relationships, Sex, and Dating","Unfuck Your Intimacy: Using Science for Better Relationships, Sex, and Dating",Microcosm
"Unfuck Your Intimacy Workbook: Using Science for Better Dating, Sex, and Relationships","Unfuck Your Intimacy Workbook: Using Science for Better Dating, Sex, and Relationships",Microcosm
Unfuck Your Mental Health Paradigm: Unpacking Individual Trauma and Societal Systems of Power |A Workbook,Unfuck Your Mental Health Paradigm: Unpacking Individual Trauma and Societal Systems of Power |A Workbook,Microcosm
Unfuck Your Sex Toys: Make Your Own DIY Tools & MacGyver Your Sexytimes,Unfuck Your Sex Toys: Make Your Own DIY Tools & MacGyver Your Sexytimes,Microcosm
Unfuck Your Sleep: The #1 Non-Negotiable Necessity For Emotional and Physical Health,Unfuck Your Sleep: The #1 Non-Negotiable Necessity For Emotional and Physical Health,Microcosm
Unfuck Your Work: Makin' Paper Without Losing Your Mind or Selling Your Soul,Unfuck Your Work: Makin' Paper Without Losing Your Mind or Selling Your Soul,Microcosm
"Unfuck Your Worth: Overcome Your Money Emotions, Value Your Own Labor, and Manage Financial Freak-outs in a Capitalist Hellscape","Unfuck Your Worth: Overcome Your Money Emotions, Value Your Own Labor, and Manage Financial Freak-outs in a Capitalist Hellscape",Microcosm
"Unfuck Your Worth Workbook: Manage Your Money, Value Your Own Labor, and Stop Financial Freakouts in a Capitalist Hellscape","Unfuck Your Worth Workbook: Manage Your Money, Value Your Own Labor, and Stop Financial Freakouts in a Capitalist Hellscape",Microcosm
Unfuck Your Writing,Unfuck Your Writing,Microcosm
"Unfuck Your Year: A Weekly Unplanner and Self-Care Activity Book to Manage Your Anxiety, Depression, Anger, Triggers, and Freak-Outs","Unfuck Your Year: A Weekly Unplanner and Self-Care Activity Book to Manage Your Anxiety, Depression, Anger, Triggers, and Freak-Outs",Microcosm
"Unity 2020 By Example, Third Edition","Unity 2020 By Example, Third Edition",Packt
"Unity 2020 Mobile Game Development, 2nd Edition","Unity 2020 Mobile Game Development, 2nd Edition",Packt
"Unity 2020 Virtual Reality Projects, Third Edition","Unity 2020 Virtual Reality Projects, Third Edition",Packt
"Unity 2021 Cookbook, Fourth Edition","Unity 2021 Cookbook, Fourth Edition",Packt
"Unity 2021 Shaders and Effects Cookbook, Fourth Edition","Unity 2021 Shaders and Effects Cookbook, Fourth Edition",Packt
Unity Certified Programmer: Exam Guide,Unity Certified Programmer: Exam Guide,Packt
Unity Game Development Cookbook,Unity Game Development Cookbook,O'Reilly
"Unity Game Optimization, Third Edition","Unity Game Optimization, Third Edition",Packt
Unity in Action,Unity in Action,Manning Publications
"Universal Methods of Design Expanded, and Revised","Universal Methods of Design Expanded, and Revised",The Quarto Group
"Universal Principles of Design, Revised and Updated","Universal Principles of Design, Revised and Updated",The Quarto Group
Unix Power Tools,Unix Power Tools,O'Reilly
"The Untold Story of Everything Digital: Bright Boys, Revisited","The Untold Story of Everything Digital: Bright Boys, Revisited",Taylor & Francis Group
Up and Running Google AutoML and AI Platform,Up and Running Google AutoML and AI Platform,Richdale Ventures
"Up, Down, All-Around Stitch Dictionary: More than 150 stitch patterns to knit top down, bottom up, back and forth, and in the round","Up, Down, All-Around Stitch Dictionary: More than 150 stitch patterns to knit top down, bottom up, back and forth, and in the round",Abrams Books
Uplifting Stories,Uplifting Stories,Simon & Schuster
Urawaza,Urawaza,Chronicle Books
Urban Garden,Urban Garden,The Quarto Group
US History 101,US History 101,Simon & Schuster
Usable Usability: Simple Steps for Making Stuff Better,Usable Usability: Simple Steps for Making Stuff Better,Wiley
"Use of AI, Robotics, and Modern Tools to Fight Covid-19","Use of AI, Robotics, and Modern Tools to Fight Covid-19",River Publishers
User Journey Mapping,User Journey Mapping,SitePoint
Using Asyncio in Python,Using Asyncio in Python,O'Reilly
Using SVG with CSS3 and HTML5,Using SVG with CSS3 and HTML5,O'Reilly
"Using the TI-84 Plus, 2E","Using the TI-84 Plus, 2E",Manning Publications
Values at Play in Digital Games,Values at Play in Digital Games,MIT Press
Vegan Chinese Cookbook,Vegan Chinese Cookbook,Callisto Publishing
The Vegan Japanese Cookbook,The Vegan Japanese Cookbook,Callisto Publishing
Vegan Reset,Vegan Reset,Open Road Media
Vegan Richa's Everyday Kitchen,Vegan Richa's Everyday Kitchen,Open Road Media
Vegan Richa's Indian Kitchen,Vegan Richa's Indian Kitchen,Open Road Media
Vegans Save the World: Plant-based Recipes and Inspired Ideas for Every Week of the Year,Vegans Save the World: Plant-based Recipes and Inspired Ideas for Every Week of the Year,Mango Media
Vegetable of the Day,Vegetable of the Day,Weldon Owen
Vegetarian Indian Instant Pot Cookbook,Vegetarian Indian Instant Pot Cookbook,Callisto Publishing
The Verbal Abuse Recovery Workbook,The Verbal Abuse Recovery Workbook,Callisto Publishing
Versatile Video Coding,Versatile Video Coding,River Publishers
Video Palace: In Search Of The Eyeless Man,Video Palace: In Search Of The Eyeless Man,Simon & Schuster
Viewed Sideways: Writings on Culture and Style in Contemporary Japan,Viewed Sideways: Writings on Culture and Style in Contemporary Japan,Stone Bridge Press
Vintage Baker,Vintage Baker,Chronicle Books
Vintage Spirits and Forgotten Cocktails: Prohibition Centennial Edition,Vintage Spirits and Forgotten Cocktails: Prohibition Centennial Edition,The Quarto Group
Virtual Reality,Virtual Reality,Penguin Random House US
Visual Analytics with Tableau,Visual Analytics with Tableau,Wiley
Visual Object Recognition,Visual Object Recognition,Morgan & Claypool Publishers
Visual Perception from a Computer Graphics Perspective,Visual Perception from a Computer Graphics Perspective,Taylor & Francis Group
Visual Studio Code Distilled,Visual Studio Code Distilled,Apress
"Visualize This: The FlowingData Guide to Design, Visualization, and Statistics","Visualize This: The FlowingData Guide to Design, Visualization, and Statistics",Wiley
Visualizing Financial Data,Visualizing Financial Data,Wiley
Vue.js: Up and Running,Vue.js: Up and Running,O'Reilly
The Wabi Sabi Way,The Wabi Sabi Way,Callisto Publishing
Walt Disney World Hacks,Walt Disney World Hacks,Simon & Schuster
The Warcraft Civilization: Social Science in a Virtual World,The Warcraft Civilization: Social Science in a Virtual World,Penguin Random House US
"Watching Anime, Reading Manga: 25 Years of Essays and Reviews","Watching Anime, Reading Manga: 25 Years of Essays and Reviews",Stone Bridge Press
The Wayward Writer,The Wayward Writer,Microcosm
Wearable Tech Projects,Wearable Tech Projects,Raspberry Pi Press
Weather 101,Weather 101,Simon & Schuster
Web App Development and Real-Time Web Analytics with Python,Web App Development and Real-Time Web Analytics with Python,Springer
"The Web Application Hacker's Handbook: Finding and Exploiting Security Flaws, 2nd Edition","The Web Application Hacker's Handbook: Finding and Exploiting Security Flaws, 2nd Edition",Wiley
Web Components in Action,Web Components in Action,Manning Publications
Web Design Playground,Web Design Playground,Manning Publications
Web Development with Django,Web Development with Django,Packt
Web Development with ReasonML,Web Development with ReasonML,Pragmatic Programmers
"Web Scraping with Python, 2nd Edition","Web Scraping with Python, 2nd Edition",O'Reilly
WebAssembly for Cloud,WebAssembly for Cloud,Springer
Website Owner’s Manual,Website Owner’s Manual,Manning Publications
Wedding,Wedding,Corel Corporation
Weight Loss the Vegan Way,Weight Loss the Vegan Way,Callisto Publishing
The Well-Played Game: A Player's Philosophy,The Well-Played Game: A Player's Philosophy,MIT Press
What Do I Do If...?,What Do I Do If...?,Simon & Schuster
What Self-Made Millionaires Do,What Self-Made Millionaires Do,Red Wheel/Weiser
What to Talk About,What to Talk About,Chronicle Books
When She's Gone: A Thriller,When She's Gone: A Thriller,Penguin Random House US
When You Find Me: A Novel,When You Find Me: A Novel,Penguin Random House US
When Your Mother Has Borderline Personality Disorder,When Your Mother Has Borderline Personality Disorder,Callisto Publishing
When Your Partner Has Bipolar Disorder,When Your Partner Has Bipolar Disorder,Callisto Publishing
Who Are You?,Who Are You?,Penguin Random House US
Who Put the Devil in Deviled Eggs?,Who Put the Devil in Deviled Eggs?,Skyhorse Publishing
Whole Bowls,Whole Bowls,Skyhorse Publishing
Why AI/Data Science Projects Fail: How to Avoid Project Pitfalls,Why AI/Data Science Projects Fail: How to Avoid Project Pitfalls,Morgan & Claypool Publishers
Why People Don’t Believe You…: Building Credibility from the Inside Out,Why People Don’t Believe You…: Building Credibility from the Inside Out,Berrett Koehler
Wicked Cool Shell Scripts,Wicked Cool Shell Scripts,No Starch Press
"Wicked Cool Shell Scripts, 2nd Edition","Wicked Cool Shell Scripts, 2nd Edition",No Starch Press
Wicked Good Barbecue,Wicked Good Barbecue,The Quarto Group
Wicked Good Burgers,Wicked Good Burgers,The Quarto Group
The Widower's Wife: A Novel,The Widower's Wife: A Novel,Penguin Random House US
Wig Styling for Cosplay,Wig Styling for Cosplay,Kinpatsu Cosplay
Wig Styling for Cosplay 2,Wig Styling for Cosplay 2,Kinpatsu Cosplay
The Wild Dyer,The Wild Dyer,Chronicle Books
Wild Places,Wild Places,The Quarto Group
Wild Women in the Kitchen: 101 Rambunctious Recipes & 99 Tasty Tales,Wild Women in the Kitchen: 101 Rambunctious Recipes & 99 Tasty Tales,Mango Media
"Wild Women Throw a Party: 110 Original Recipes and Amazing Menus for Birthday Bashes, Power Showers, Poker Soirees, and Celebrations Galore","Wild Women Throw a Party: 110 Original Recipes and Amazing Menus for Birthday Bashes, Power Showers, Poker Soirees, and Celebrations Galore",Mango Media
Wilderness Survival For Dummies,Wilderness Survival For Dummies,Wiley
Williams Sonoma Breakfast Bible,Williams Sonoma Breakfast Bible,Weldon Owen
Williams Sonoma Cocktails,Williams Sonoma Cocktails,Weldon Owen
Williams Sonoma Complete Junior Chef Cookbook,Williams Sonoma Complete Junior Chef Cookbook,Weldon Owen
Williams Sonoma Everyday Healthy,Williams Sonoma Everyday Healthy,Weldon Owen
Williams Sonoma Everyday Instant Pot,Williams Sonoma Everyday Instant Pot,Weldon Owen
Williams Sonoma Favorite Cakes,Williams Sonoma Favorite Cakes,Weldon Owen
Williams Sonoma Favorite Cookies,Williams Sonoma Favorite Cookies,Weldon Owen
Williams Sonoma Grill Master,Williams Sonoma Grill Master,Insight Editions
Williams Sonoma Healthy Instant Pot,Williams Sonoma Healthy Instant Pot,Weldon Owen
Williams Sonoma Instant Pot Family Meals,Williams Sonoma Instant Pot Family Meals,Weldon Owen
Williams Sonoma Instant Pot Soups,Williams Sonoma Instant Pot Soups,Weldon Owen
Williams Sonoma Junior Chef Master Class,Williams Sonoma Junior Chef Master Class,Weldon Owen
Williams Sonoma Test Kitchen: The Doughnut Cookbook,Williams Sonoma Test Kitchen: The Doughnut Cookbook,Weldon Owen
Williams Sonoma Test Kitchen: The Dutch Oven Cookbook,Williams Sonoma Test Kitchen: The Dutch Oven Cookbook,Weldon Owen
Williams Sonoma Test Kitchen: The Fresh Pasta Cookbook,Williams Sonoma Test Kitchen: The Fresh Pasta Cookbook,Weldon Owen
Williams Sonoma Test Kitchen: The Indoor Grilling Cookbook,Williams Sonoma Test Kitchen: The Indoor Grilling Cookbook,Weldon Owen
Williams Sonoma Test Kitchen: The Instant Pot Cookbook,Williams Sonoma Test Kitchen: The Instant Pot Cookbook,Weldon Owen
Williams Sonoma Test Kitchen: The Instant Pot Desserts Cookbook,Williams Sonoma Test Kitchen: The Instant Pot Desserts Cookbook,Weldon Owen
Williams Sonoma Test Kitchen: The Junior Baker Cookbook,Williams Sonoma Test Kitchen: The Junior Baker Cookbook,Weldon Owen
Williams Sonoma Test Kitchen: The New Air Fryer Cookbook,Williams Sonoma Test Kitchen: The New Air Fryer Cookbook,Weldon Owen
Williams Sonoma Test Kitchen: The One Bowl Meals Cookbook,Williams Sonoma Test Kitchen: The One Bowl Meals Cookbook,Weldon Owen
Williams Sonoma Test Kitchen: The Perfect Blending Cookbook,Williams Sonoma Test Kitchen: The Perfect Blending Cookbook,Weldon Owen
Williams Sonoma Test Kitchen: The Pizza Cookbook,Williams Sonoma Test Kitchen: The Pizza Cookbook,Weldon Owen
Williams Sonoma Test Kitchen: The Pressure Cooker Cookbook,Williams Sonoma Test Kitchen: The Pressure Cooker Cookbook,Weldon Owen
Williams Sonoma Test Kitchen: The Salt Plate Cookbook,Williams Sonoma Test Kitchen: The Salt Plate Cookbook,Weldon Owen
Williams Sonoma Test Kitchen: The Skillet Suppers Cookbook,Williams Sonoma Test Kitchen: The Skillet Suppers Cookbook,Weldon Owen
Williams Sonoma Test Kitchen: The Sous Vide Cookbook,Williams Sonoma Test Kitchen: The Sous Vide Cookbook,Weldon Owen
Williams Sonoma The Healthy Junior Chef Cookbook,Williams Sonoma The Healthy Junior Chef Cookbook,Weldon Owen
Williams-Sonoma: Burger Night,Williams-Sonoma: Burger Night,Insight Editions
Williams-Sonoma: Chicken Night,Williams-Sonoma: Chicken Night,Insight Editions
Williams-Sonoma Comfort Food,Williams-Sonoma Comfort Food,Insight Editions
Williams-Sonoma Cooking at Home,Williams-Sonoma Cooking at Home,Insight Editions
Williams-Sonoma Frozen Desserts,Williams-Sonoma Frozen Desserts,Insight Editions
Williams-Sonoma Gluten-Free Baking,Williams-Sonoma Gluten-Free Baking,Insight Editions
Williams-Sonoma Grill School,Williams-Sonoma Grill School,Insight Editions
Williams-Sonoma Luscious Fruit Desserts,Williams-Sonoma Luscious Fruit Desserts,Insight Editions
Williams-Sonoma New Slow Cooker,Williams-Sonoma New Slow Cooker,Insight Editions
Williams-Sonoma Pasta Night,Williams-Sonoma Pasta Night,Insight Editions
Williams-Sonoma Pizza Night,Williams-Sonoma Pizza Night,Insight Editions
Williams-Sonoma: Quick Slow Cooking,Williams-Sonoma: Quick Slow Cooking,Insight Editions
Williams-Sonoma Rustic Italian,Williams-Sonoma Rustic Italian,Insight Editions
Williams-Sonoma Rustic Spanish,Williams-Sonoma Rustic Spanish,Insight Editions
Williams-Sonoma Salad of the Day,Williams-Sonoma Salad of the Day,Insight Editions
Williams-Sonoma School Night,Williams-Sonoma School Night,Insight Editions
Williams-Sonoma Taco Night,Williams-Sonoma Taco Night,Insight Editions
Williams-Sonoma Test Kitchen Spiralizer 2.0 Cookbook,Williams-Sonoma Test Kitchen Spiralizer 2.0 Cookbook,Insight Editions
Williams-Sonoma The Best of Thanksgiving,Williams-Sonoma The Best of Thanksgiving,Insight Editions
Williams-Sonoma: Weeknight Fresh & Fast,Williams-Sonoma: Weeknight Fresh & Fast,Insight Editions
Williams-Sonoma: Weeknight Gluten Free,Williams-Sonoma: Weeknight Gluten Free,Insight Editions
Williams-Sonoma: Weeknight Vegetarian,Williams-Sonoma: Weeknight Vegetarian,Insight Editions
Wine For Normal People,Wine For Normal People,Chronicle Books
Winning at Internet Poker For Dummies,Winning at Internet Poker For Dummies,Wiley
Winter Cocktails,Winter Cocktails,Quirk Books
WINTER SURVIVAL HANDBOOK,WINTER SURVIVAL HANDBOOK,Weldon Owen
Wireframe #42,Wireframe #42,Raspberry Pi Press
Wireframe #43,Wireframe #43,Raspberry Pi Press
Wireframe #44,Wireframe #44,Raspberry Pi Press
Wireframe #45,Wireframe #45,Raspberry Pi Press
Wireframe #46,Wireframe #46,Raspberry Pi Press
Wireframe #47,Wireframe #47,Raspberry Pi Press
Wireframe #48,Wireframe #48,Raspberry Pi Press
Wireframe #49,Wireframe #49,Raspberry Pi Press
Wireframe #50,Wireframe #50,Raspberry Pi Press
Wireframe #51,Wireframe #51,Raspberry Pi Press
Wireframe #52,Wireframe #52,Raspberry Pi Press
Wireframe #53,Wireframe #53,Raspberry Pi Press
Wireframe #54,Wireframe #54,Raspberry Pi Press
Wireless Security Architecture: Designing and Maintaining Secure Wireless for Enterprise,Wireless Security Architecture: Designing and Maintaining Secure Wireless for Enterprise,Wiley
Wireless Sensor Networks,Wireless Sensor Networks,"Walter De Gruyter, Inc."
Wireshark for Security Professionals: Using Wireshark and the Metasploit Framework,Wireshark for Security Professionals: Using Wireshark and the Metasploit Framework,Wiley
Witch Hat Pattern Set,Witch Hat Pattern Set,Kinpatsu Cosplay
Wizard,Wizard,Corel Corporation
Woke Parenting,Woke Parenting,Microcosm
Woman's Day Budget-Friendly Meals,Woman's Day Budget-Friendly Meals,Penguin Random House US
Woman's Day Create Food Fun,Woman's Day Create Food Fun,Penguin Random House US
Woman's Day Make Ahead Meals,Woman's Day Make Ahead Meals,Penguin Random House US
Women and Physics,Women and Physics,Morgan & Claypool Publishers
Women's Health Keto Made Simple,Women's Health Keto Made Simple,Penguin Random House US
Woodworking For Dummies,Woodworking For Dummies,Wiley
Woodworking for Young Makers,Woodworking for Young Makers,O'Reilly
Work At Home Now,Work At Home Now,Career Press
Work-from-Home Hacks,Work-from-Home Hacks,Simon & Schuster
"Working with grep, sed, and awk","Working with grep, sed, and awk","Walter De Gruyter, Inc."
Workouts For Dummies,Workouts For Dummies,Wiley
World History 101,World History 101,Simon & Schuster
World of Warcraft,World of Warcraft,Boss Fight Books
The World Sauces Cookbook,The World Sauces Cookbook,Callisto Publishing
"Write Great Code, Vol. 1, 2nd Edition","Write Great Code, Vol. 1, 2nd Edition",No Starch Press
"Write Great Code, Vol. 2, 2nd Edition","Write Great Code, Vol. 2, 2nd Edition",No Starch Press
"Write Great Code, Vol. 3, 2nd Edition","Write Great Code, Vol. 3, 2nd Edition",No Starch Press
Written in Bone,Written in Bone,Skyhorse Publishing
Xamarin.Forms Projects,Xamarin.Forms Projects,Packt
XGBoost for Regression Predictive Modeling and Time Series Analysis,XGBoost for Regression Predictive Modeling and Time Series Analysis,Packt
XML Basics,XML Basics,"Walter De Gruyter, Inc."
"Year of Knots: Modern Projects, Inspiration, and Creative Reinvention","Year of Knots: Modern Projects, Inspiration, and Creative Reinvention",Abrams Books
Yin Yoga,Yin Yoga,Callisto Publishing
"Yoga Body and Mind Handbook: Easy Poses, Guided Meditations, Perfect Peace Wherever You Are","Yoga Body and Mind Handbook: Easy Poses, Guided Meditations, Perfect Peace Wherever You Are",Callisto Publishing
Yoga for Beginners,Yoga for Beginners,Callisto Publishing
Yoga for Holistic Healing,Yoga for Holistic Healing,Callisto Publishing
Yoga for Kids and Their Grown-Ups,Yoga for Kids and Their Grown-Ups,Callisto Publishing
The Yoga Mind,The Yoga Mind,Callisto Publishing
Yoga to Stay Young,Yoga to Stay Young,Callisto Publishing
You Are a Great and Powerful Wizard: Self-Care Magic for Modern Mortals,You Are a Great and Powerful Wizard: Self-Care Magic for Modern Mortals,Microcosm
You Are What You Believe: Simple Steps to Transform Your Life,You Are What You Believe: Simple Steps to Transform Your Life,Berrett Koehler
You Can Do All Things,You Can Do All Things,Mango Media
You Can Knit That: Foolproof Instructions for Fabulous Sweaters,You Can Knit That: Foolproof Instructions for Fabulous Sweaters,Abrams Books
You Don't Know JS: ES6 & Beyond,You Don't Know JS: ES6 & Beyond,O'Reilly
You Don't Know JS: Scope & Closures,You Don't Know JS: Scope & Closures,O'Reilly
You Don't Know JS: Up & Going,You Don't Know JS: Up & Going,O'Reilly
Young Money: 4 Proven Actions to Design Your Wealth While You Still Can,Young Money: 4 Proven Actions to Design Your Wealth While You Still Can,Berrett Koehler
Your Creative Career,Your Creative Career,Career Press
"Your First Week With React, 2nd Edition","Your First Week With React, 2nd Edition",SitePoint
Your Guide to Public Speaking,Your Guide to Public Speaking,Simon & Schuster
Your Linux Toolbox,Your Linux Toolbox,No Starch Press
Your Year in Art: A project for every week of the year to overcome blank-page anxiety and inspire creative exploration,Your Year in Art: A project for every week of the year to overcome blank-page anxiety and inspire creative exploration,The Quarto Group
Yum-Yum Bento Box,Yum-Yum Bento Box,Quirk Books
Zingerman's Bakehouse,Zingerman's Bakehouse,Chronicle Books
ZZT,ZZT,Boss Fight Books